0x6be6f539f6fAD84f5e2315aEf63F86C2b947f144,shield,*
0x816A976D4CCdAE97524c63C57b98DA4D210bf60b,shield,*
0xD3db3974424dfA21755BcfC72595a205B0bF7df5,shield,*
0xa6A509A8187aCF3277eA8921B9c03f0d27086CBD,shield,*
0xD7BA64cC1410Cdf703f6620B9787aa5fD009557B,shield,*
0x1c9B00CC4Fb05cb705830e06E1B523027c7DFf8c,shield,*
0x392B4483DADb59f5d75Db1e8Bdc7dCF4eA4cd800,shield,*
0x4fa992092BE5374aA5557Ce7ba2e086b42486c34,shield,*
0xe85e6746D3ceBC5fF2515B22218f819a5419DFA7,shield,*
0x56f4C66E0C87EBfcd064CF09166d09ed653161F9,shield,*
0x0843C30bA2dccF8AdBCFe4fD506dced0D08e413F,shield,*
0xa3Db2b7DF342658DC26cC52Af3520F3979696634,shield,*
0x4771Eca5cF500Eaff28255516d718F8e911d66A3,shield,*
0xaA90FC0985D177550810570767D1f863a5Fc9d45,shield,*
0xA671E62e0827f6A99e416203447Be5D34027F474,shield,*
0xa83158608821247cd48a960963F0120Fc197eb50,shield,*
0x5dE6293E21622148a816C92671C90730481F304e,shield,*
0x7c2744b53C345b3A5Eaa732A8d8179E73A9b3B2D,shield,*
0x6F035bdB15f2e0CAB56bDB4E3b1baBaCfE281b24,shield,*
0xe1BFb1989C09E0E6BCbd4bF9C93AbFbeAe492484,shield,*
0xeF436a0746A4fa1f89512A54360611cC61A31418,shield,*
0xD4128925eeB834aD0b7C6b3112328fCad7eDbfcC,shield,*
0xd8738a8A31718093923d19f3a531D95b44DFaD68,shield,*
0xd070144c9D5Bf7e6Da66C39A77f1AbE7Ae552B51,shield,*
0x164ba064F637be4c433B677f57e5126D544Ccb4e,shield,*
0x426a410EfC3CB3a09CC2DdD89f08097a706Ab116,shield,*
0x1a0A0aFf021D11dB40aeB1d10c79d08caD4EB43E,shield,*
0xCE7B6dcE0c694C4A64aE47a1A4a515f236EE479c,shield,*
0x39Fe626f7f689b690970AA91D191296a075b78d4,shield,*
0x73FC34f462098EDB1C3EDb406C7811B3b58c03ef,shield,*
0xDAE8f452f0f1789C1fC11C4c0Ee13631B72BD526,shield,*
0xFd96EA8bE7f5ab45aeE35d130c052fdbC7494E2D,shield,*
0x1618C5bcb064a1153edFE306C695A4080Bb3a791,shield,*
0x7f70AADA3f7E553c3698B81A0E2b41C852d8452C,shield,*
0xf0E2B96503e6ECa768afB08E342785363Dd9577E,shield,*
0x69B3C9C322B93BF0a5EF45B173CEcEAaf03F2d09,shield,*
0xA6b1237C25d5e683FA026e2deb10BDE3b6f7E825,shield,*
0x9dCf42352183dC534461c14B8bf226BFf3a28f09,shield,*
0x8dC5768640D29E4c5EFA23672264Ee10ba7797Cf,shield,*
0xA2430dae707e5d9E7bbcDe13371dC110f862F816,shield,*
0x071A40D33155eB2fD7E9A76348c3Db614A752F53,shield,*
0xb9E64eC092cbC9672413cBeB487E83C2d9b8D086,shield,*
0x071A40D33155eB2fD7E9A76348c3Db614A752F53,shield,*
0x69DBbD9B48818ea8D027Da39734DB38D1898E426,shield,*
0x60F6659fCA9b13A90051C692e7147A5933116987,shield,*
0xD0b3681F7acDe45da8164b05B913834cAe14ec74,shield,*
0x7965944d7889481492336BB02C2000aaB86558F4,shield,*
0x4864320d148e6468E72a8AdeC16B84e806EE30A3,shield,*
0x2fB02be19C0c55f4abAb5864c551642Fbc02F3DA,shield,*
0x333c29995ceF3eD4991A76a95e092E2C99116530,shield,*
0xC04bA9dD154ff340D06fc4fac36eBeDa240bC625,shield,*
0xe736EF4bd4d1d5969e0E804F642fD676Dc40b212,shield,*
0x6a3A251a3Fe1bC3aAdd29591B15AA17945f01ed5,shield,*
0x2132039F0dFedfA5f75cEBA274d3C0a251184145,shield,*
0xb7544780697CA4Ca91099C71dd43E15407242f42,shield,*
0x287d7a37729E01857581513e8CCd5b4f91931012,shield,*
0xe3e037B59304000DB174E176CF76D597092Dc066,shield,*
0xbbe63c7e625D0DF3042d4b42853f8CD70fb77F6b,shield,*
0xA06780aE3A608f4Ad49d43894d4C285669596f03,shield,*
0xF9B645a65d27d2fB8002590EDDBCf9fB715CBbf3,shield,*
0x917D7E452A03a4fe667a5FeedeDF8E6f40E58123,shield,*
0xddFe7261b47436Fa84AA7A6cc008A7EA513eea5C,shield,*
0xDb452e480073284Cef3456864347e8f873C64F76,shield,*
0x42966BC82Eb04993FED132a7DE2635Ed3e8B9633,shield,*
0x8e14c456f43562B1e0989C5807173Ab2f1bA08c8,shield,*
0x1EBB02f97A4Ee9D261d6fEc891FeDAfe0BDb1635,shield,*
0x5Fa989d6fce6F456Ce74C0feC7FE11714eeC108b,shield,*
0x11DC8B2Ec5BcFb4607BF02c9B64867D636daC4B2,shield,*
0x084341C0C826c7e8408D6BFa9957761980112548,shield,*
0x57174231b2E7B66873dcd7671765afCa4CC1C42D,shield,*
0x1B3E60d647fa7f6Bf91a7d8444F2565f7354773F,shield,*
0x37e7f198871B58568bfD601A4328Ab7b4815e1ED,shield,*
0x2CD724E2f29115Cd3b68239ec5a60Da4ea61afbC,shield,*
0xB89dE1f530bc13D31af424054F39F45d3e06D98C,shield,*
0x1eBB5A4CEf1E4Ab30F43fAaeEAAa9EdD0358C98e,shield,*
0x449d04EDC47f0B69477F6876815230264f76e1D6,shield,*
0xbc3F683D1cdBF23dEE3fcb3f3e44BA5A9d7bF4a8,shield,*
0x9ed141804F8790cD4FBEEb3b1720716b23700B1A,shield,*
0x2c4c86BBBfdf805e63e8Cf69827edE844d479d49,shield,*
0xa5cB896563B3b6bAF3f6D5CBF7B84f49E4465d02,shield,*
0x34133732b08DCA91C01c73f64BECb76F548080bb,shield,*
0xF4A63ECb710621417965b198103342b7F9bF34F3,shield,*
0xFF3faf570eF6A01ec3f0056b4b7729Bce2Ca833B,shield,*
0x816a68A34edB408fb9d3C33f6339243a44f70235,shield,*
0x195C64B6ADCB5F4f095848D3E82b15D6D6296eFf,shield,*
0x68c9e1c9bE0e22E51A2c95c054070f0F160D9B6B,shield,*
0x5536A7044a9F2B51d121eA05cefa2e40E83D5267,shield,*
0x9737C4a79e48f32043F563A899D5731463718084,shield,*
0xAFC4aaF2e3ef95E8F4A0CbAd18488DfE2E2D6156,shield,*
0x4f359C26ABaF7D20B1C9473cab8BC6538036301C,shield,*
0x85DAB103c03A79b5B29583dEB82e6eD14B5Ae56a,shield,*
0xee09A75F190e39677cfB47B78B6350ec0d66AA12,shield,*
0xee6fAC64eF3fFDC901a55f9186F96A765Bda5B4d,shield,*
0x98e45278f04e94AFD0c159a97443f337B2ef3B55,shield,*
0xA4471e8fFFDCc9a2F2d3DAB0171638C40f31453c,shield,*
0x912758e337812Fd21A1C4F6f44e185F3Af2f7964,shield,*
0x95e883E5CC44a479D37330d77f298E6041A1bA1F,shield,*
0x595f34183B3b96F7fe33620C2a9B4B5C9fd9EcA0,shield,*
0xaE953A00857eBE9121C377D90a35e07b73FeC86C,shield,*
0x21F615afd673b29D0beCc5e42c651719aF8A877b,shield,*
0xA8829FECD80060A1D56790E2335B6EBC0Ea3125c,shield,*
0xA7955817cC04cea3d55DBE32685D9939D33Ffe76,shield,*
0x0bf096dF898Ac20Fe2F95E70Da28356b1D480E0E,shield,*
0xb5E4395B3c2e26664ce8188F150c76D8471F9B59,shield,*
0x8958c87cb2fd0d2abd14a83cbf072f2ccfc73ee2,shield,*
0x06a3AeF378c7278723F185d2B8eFD851b5FC200B,shield,*
0xAF5e8073dD5d02fCa2116D52575A90FaBdda2AcF,shield,*
0xfb2D35ec21b6F4Ad0767fd60dE92A1D440CFd1B7,shield,*
0xb15b770aa6999b6FfAc572d0EC7d5ed73D8259a1,shield,*
0x0CaF99F443eB5462427561067dbf3FEe53e5fD1f,shield,*
0xf8d9235506403518a76235e8b19B839C1c06313B,shield,*
0xed1f7bCFe032e0ad92652e15E7fcb179787e22aA,shield,*
0x8654232ddA16745aFc84486febf9ffD7aCB27efC,shield,*
0x6c92d82ccF2C3BAae890E535e82F10300136a75F,shield,*
0x96a7B4e17eaae65637eBdb78c4BE3ee4913a48E1,shield,*
0x26f9687a5FaF1D0a1437ae7c3839C067c3496699,shield,*
0xba8475fddeA14e0892301F3d7d0564Fb99e5eFDe,shield,*
0xD4Fb88daFB30c7028DAc111f4D25372c31c27da8,shield,*
0xd9E2c085d7eA7dF075Dac6d66320Ee0D4F6C059D,shield,*
0x3033a254Ee27565c74dCba8A07D817Ba0EE6c593,shield,*
0xA5B726858b772f307b6110AFd692e7cB495c41ce,shield,*
0x9892684C31E73Bb52C1FB4683DBFb9C9D3971394,shield,*
0x4a51010ab3CBc2f99B0d5619cD7604bedc01B2Bb,shield,*
0xb32a9a188718500822862cf57A6E72c6B43BCb08,shield,*
0x7E1f1A1fc9575024c7089d58853317E4Fbb1386C,shield,*
0x7F08bC93CF723622Ca0a1A1B7446f626C34F4CC9,shield,*
0x259D9DB49B18491872537e85165BA64188D4Ee27,shield,*
0xc5a255eC43e65eB67E12027FABB8cCE75eA015FD,shield,*
0x508Ca1E5F176F23872802011f2163a3B876C01a5,shield,*
0x6b05490Ad65D459113f3C834Cd176099BC229096,shield,*
0xa1399911c0F2a8034208Be14D0420882c404bD7a,shield,*
0x47EBef8a2df63445373785b37775CcB80293daCa,shield,*
0xF5794Ca8B24ECB4b89Ed6a7A73Dd43ab7528e748,shield,*
0x259C6AfAB32543E6FaEF4e520a0464d66ceF9757,shield,*
0x1C735D7BA2c7744D17ba7cC3E9418E1164AbC123,shield,*
0xBD1965fd0F9dD895C25dDbFdB8C9079c936a028B,shield,*
0xc6C9a491ECe1ed39DB93458c669724b6338b519B,shield,*
0xb7077959867F53CEE2e3cE58A7C58C201033878A,shield,*
0x17CC6E3E6C4B3f4bbc7c721fb6bA13e4AbC3B687,shield,*
0x4752B405d524F0409081C83c3e94EB5cd62647d2,shield,*
0xBF2Bf6A3b340E810eD2B8512b403D9411BfbB510,shield,*
0x820BeFD04DE515419892E6C537338Aba6a0b5755,shield,*
0xC601f85BAe7CB1846cd9710fa635298CaF45db7B,shield,*
0x570747e3E7730ac5d4f6F177eb95b4853f82a762,shield,*
0x88746D19D42D025B84F126d6125e2E70D630429e,shield,*
0x12C20F0b34001e43049C2a76b169832a42381c82,shield,*
0xE5F3269C746cFb51b52BD1db1445FEaA0b433D5d,shield,*
0x0063052772F10343caE16354F5c6B792C6F58CC5,shield,*
0x0C83a55EB3D34F231938876CF483B179399B8283,shield,*
0x9499459764747fEa957fAece15B4E6eF080388A4,shield,*
0xA34d028449D88A243d49641d428F9f106294dEc6,shield,*
0xed4e59AbA9C0b94cA0AD8bbA6b29ab0A503220D0,shield,*
0x55e3b63baA48844ad249e17De269a8520FDdF248,shield,*
0x67C3eC77293415cC8579e2f7B42628DF1EC01FD3,shield,*
0x6cD445E54477448ab8aa653677D655B940556d32,shield,*
0xd575d7b2B111875744889868d39AfE0c34BA4E66,shield,*
0x5557A1c8F373a0418F39829E1Bc8D075cEe5EeAd,shield,*
0x7c1aE5C5F2Ac2E3F19eEAe75FEb11eBD04144c93,shield,*
0xA980B5E19B8Faaa1df611D9630D4fc29Db4bc095,shield,*
0xD920AF54662E86f329da602873FD0DfE6D86982A,shield,*
0x00eF0B4e6edA7e688971Bb31CC8252Dcc4064328,shield,*
0xB68B2EEA74c1A9aFB241E3dd4be43F822090BDf8,shield,*
0xc077e62e12C389979fF8b145be21447458d14A6B,shield,*
0x9666946c62dECA06F1770A4915d503d25399EB20,shield,*
0x4455783DD1BCa7B8982973B0964F88EBb7274e84,shield,*
0x4e11f4D416f50D8E0EAc1C27f60Fd31E27f0fFF3,shield,*
0xA23672E5fBf7CF1550a62dc26a816457B9d25234,shield,*
0x87428D685B52C720ae0B21c35B9102e43bB9CD82,shield,*
0x7e085a4FBEEC8430a7555B4E9C97e27E72A408A2,shield,*
0x2302B5364689e3199De3FCC1Fa2E5cd1EC7F3072,shield,*
0xb7B942deC4d982fC04D5Ca52d46267587b97A929,shield,*
0xEBB4Add0CE012d4E28cf61e65573F716c8472f90,shield,*
0x6f6695Cc8923913C4E237f1cCCE477A9c3724c03,shield,*
0x22FD39B15ffFd1B1f16Fe5320924A07fAfE1b545,shield,*
0x275542b20FD3e255BeB190C4BceF3f27E661bb6a,shield,*
0x29A0e1DaE16dE1BB5fB0413bB1f4763615E96190,shield,*
0x2011CC330A307e72dF9CeEF0F296d1e0147bd111,shield,*
0x88cbFE27f86E633240C50E50aF0FA534b14f655D,shield,*
0x9cCA128b809441D797530fB5EB11c3830a72738f,shield,*
0xbea2b20C58EabBD979264b3bAc2985A09590fAA6,shield,*
0x293F91977ee04A55ed700e1cDc99a4F306566C2C,shield,*
0xAfE60384E129DD00B169f064a0c9BB411ca87A28,shield,*
0xBB61670dCfF8125C70c93d0235b52683A2936A6D,shield,*
0xe9A2c1a1789ca427653a93323623b405e1728f07,shield,*
0xd2158a9a54091a54ABE36407885A5FE9F2f0E43E,shield,*
0x61e9480A51d3Bf0F31483EA9AcEE60a79357dFe3,shield,*
0xba8729Eea0160Dfd4F073E359333fc06D5f69E8b,shield,*
0x02c21b898A832CF488410Ea05BF9b297fdE8b5Fc,shield,*
0xF62c12a306f961e357219540b9467611DE99F9D6,shield,*
0xDfdcFf60641a499A2a5b85E3f9fab67c01b4bBAb,shield,*
0xad92815773946519c50E0f210ecE243A9583B108,shield,*
0xAc81eaC77d52DdcCBCea8eA7eaf4B49DcE080a21,shield,*
0x751D5C1d398b2fE1264351f7910918A66718cA2f,shield,*
0x98d1dCd51b170cacc39e86A22a89EBf31C10d6D9,shield,*
0xdD0f471E51a92f1E3C917E3811FbbC67D41B30Ab,shield,*
0xA6d190577b12344E6aDA0C04c8FD30460dd18988,shield,*
0xc464B1Ec691964fF4754d3e8CF72a80E39EC64d7,shield,*
0x82003180C20AFb342C8077Eb8c4C622c4613d6B3,shield,*
0xCe1DD4c352144FFBB39008f4fa5ad31CA7c7E311,shield,*
0x288edd41127a90f6f8dDd58E23705e345d27B71a,shield,*
0x8d656D07b7EeAE033d442870226252Baf806e8b9,shield,*
0x3234dF5BfC256e8EC061C59cd1Fd0ba546AA87Bc,shield,*
0xE3275BC9908C68A676BE392c1658180CE0e59371,shield,*
0x71CE730bB18aD24c248ec4260b54192FbEdb18ee,shield,*
0x0fffC9Ca8747CD5Bc7811687FC6626AaDD161d77,shield,*
0x08544379539d0b5e3726473f6Cd94Ae93226806A,shield,*
0xf760ADe8f8839525a116Da441eBb396e329fAAF4,shield,*
0x8EE2376639EfE5717114Cf6939E7dA83d0369909,shield,*
0x4Aaf110625325fd2D9b271A04041A7d596761dC6,shield,*
0x2622347496113631b0B914809d983FdA5e9e9E00,shield,*
0xF9d8F4F8bA196183a03F4f435aa349B1B95C11fE,shield,*
0x2c3814784F17C084f1941D1b732df8255c48580b,shield,*
0x53df0828b12d71A2eE44fd02aF3A4CeB478EeAA2,shield,*
0xe36F39d40CFE5Eb4535A9C65775b078fceB4b76F,shield,*
0x3E7d9b997d70fb3cc85aA989576b737Af33f8648,shield,*
0xB2c399ac70D5A941cB61110F06BB5c11eDFf49Da,shield,*
0x81A8aCbadceac5E3da9690765d4e5401954281c1,shield,*
0x3B7Ae88cC7Ca60f08E0E2C5A90A40B6645394C21,shield,*
0x3DbCDc42ABE57d0ddA9e921140b28Ee438F2097F,shield,*
0x10184B2f10B9d2ff49DE9de43cd2735a9200e8eE,shield,*
0x4a833BdA4574085eA8c272217Bf3A8A470560E44,shield,*
0xf3132AA8948288803570c44CF01596ce5Fd0cC3f,shield,*
0x3B2534d3586b644D23fe026eaD0a0B407122d803,shield,*
0x74fC011c933921112e8A397664c5Ad730d1B0Ed2,shield,*
0x453C099767E9922F5AD0F5125F1FbA8F5aE91F5d,shield,*
0xD06d0DEAd70D84059617902Cd47Ca2f57c72645B,shield,*
0xBf2970a8cfcd0deF3617F11743A73f50dEFe2E6a,shield,*
0xFA8A4D6E122F425456b03FBE3aBd30799f1aD2CD,shield,*
0x1209A0CC0a59fDc156fE7e82b5123f1ec29B0a22,shield,*
0x6a06a174135E13CfE2827f019E95129E0f00c9Ec,shield,*
0x46bB8CE7b8efBe7c69733822093efE8B84e965E9,shield,*
0x2C1945B0357739a280005350D39bdB603108C5eb,shield,*
0x4D48ea91C154CA8C88d38Cb2cff0CD2B827466fC,shield,*
0x3Dbf39b87F6Bf397B903AA7F0acD89C223502492,shield,*
0x68AaEAfBC9F3934B430e864FC8E861460C4Fc8dC,shield,*
0xdd0f62a0E182852e73BE564BE72f03169cF7F766,shield,*
0xD5408eDEC7Db219EDeA9163AAf31Bfc209847642,shield,*
0xc72589b836B177954C844698eD773651806b5d89,shield,*
0x102884371CfdFF8Bd825db3995D0708Ce0F89e8e,shield,*
0x7563195Fec0fF74E83bA983319aD77dA6e772e94,shield,*
0x505a79ae9c10B4C3AB7037a01CC0205836eb9615,shield,*
0x7D5Fb03Ff9aa2aB00CE35D9B72b717741B033fEe,shield,*
0x6b6Fa5A0fd1684A92a7a40F951Ed248B4B563EA9,shield,*
0xa216F89917D47010C992B01d4F833941E66E214C,shield,*
0x79A468e14a19017d1D2686fDc3E6759C043Be6bf,shield,*
0x0903F7224e181be1f46D15c4333caF37CDFb6F7C,shield,*
0x4904E393e094ad31E73351A016b2485C63D14086,shield,*
0xFD686bc3720F511332800446fB7a4eD11ae567a4,shield,*
0x6b714A9d89B91542aA73204f4ffE75680b6288DE,shield,*
0xC5AE4d2F22221615faC08F4176d9e14aA21AD9B2,shield,*
0x2E78A32Fc56aB968d590AFE33C5Cf71e78aebcB7,shield,*
0xC0501c76111EbDcbBE9C6Eb9b453DE8599DeaC06,shield,*
0xB5A9F79A287f8Ead227b544e7DB9E17453949439,shield,*
0xd014691114Efa3C2d185ca851A424A1291415819,shield,*
0x5B5a4c073e26a9D6eC27F248a5D117b86633752E,shield,*
0x2098470CD734C9eaf7268b9a2Ace9895eaDF6d3A,shield,*
0x552F0f56f45133bc5e8f9CD15A16B60B2060168A,shield,*
0x0Ef528e7848A912cefd5a20D0c1efB0A1e0D90CF,shield,*
0x8497c50e5BB7ec18e19dfe3334e47F95D2415981,shield,*
0x4C6554b31a058d2faF72B584C4F35b8799825330,shield,*
0xa9E222276dB553F90545774d976496bA1eBE37ea,shield,*
0xef94Eba0F8022849cCdDE5EAD1490aF01ef2c631,shield,*
0x6bf439cBFd70Efa7f82eE96aB3Fee62Ecc80d8E7,shield,*
0xcf2948d6b842Ee9d6DA2D654da02C35ff001cf70,shield,*
0x9778b886b3D000C93f931cb7c657EcCb2CED9703,shield,*
0xeeBe0A2E81C94e95AeE5913989e1570A7bEca690,shield,*
0x000DFaa975539A75aac5819b4cf07bcF29Bb14D5,shield,*
0xE232Ca8666753376a0f0a72ea344F643C4cfB008,shield,*
0xdEd214192212c73c6E56f7a52a50e3dBA6B2747A,shield,*
0x785dc8b8f3990d929d42b85154a32ca852Fc2C98,shield,*
0x1b43019443aBAd25e20f1d394805852c54ED9f19,shield,*
0x480844553d8C4E79339e71f6B6875dF57394e3c4,shield,*
0x636f9877AE0B4C237655E77140e556Ce333b3172,shield,*
0x0a15124Ce6CF773942175A47BBe40482A897Ed7b,shield,*
0x7e60A40967bc224402757d6e75c82820Fd9b58d8,shield,*
0x91140d9261A5b8f8468A3bF9cCE09661FbAda63c,shield,*
0xa795fbb504C03870B3D368C1e021aAB3DdC6B3fA,shield,*
0x019d50C22f468Fc7C0Ea9cE69278bCc9089158aB,shield,*
0x5a88008eb0e0cd960bf224453a560fc72d27d3e9,shield,*
0x0754644E111d2F8Cb09455E5BA989f387228999b,shield,*
0xc37350618292968Fac537ea6291768473e8DB9D8,shield,*
0xCa696A998057689ab8E13449C0D1E3657f6B6975,shield,*
0x71438eb85A5971589831875A1991D926B4fBef4b,shield,*
0x3A68F9DFB33849C1aa2Df1837DE8fA6164bDa752,shield,*
0x4f9a6D4002b534a710b5C93aDd29309197e1a096,shield,*
0xE60dC8e6E5b40D5A8E6968341103Fe455980821c,shield,*
0x393e62D078B4293A5a7dcc7BC57d949978739321,shield,*
0xEdDCc7d6EbbB1456F7Ff497b335011F1f49469f1,shield,*
0xC1D5B9fa5c5321279e5A874f29a4A36b1C7fcbC4,shield,*
0xF4c9CA73E623F68E807B726C53c941d8234Adc64,shield,*
0xc688B96BaCe1272e9117C513fCCe239Ec6666dcC,shield,*
0xb55bAF3800BA65c4C2775dB70463e460433B8aE9,shield,*
0x82a4973CD99a17Dd813EDc5eDf1f3E394daeA307,shield,*
0xafddA2B31da04C736B7E66c96695dBBF5FE4AF74,shield,*
0x782fc2F50F8c374d0899406dAF1955D2A4e071ee,shield,*
0x319e9D431a402851FfaC5E85874980572a151327,shield,*
0xe001Da87AA635c3296248a601C17403F6048D67B,shield,*
0xF8399bbA52Bb76683a8236Bb7C52119eF5E14328,shield,*
0x9C2Bb25F4ab6C1D8DF4C6a5200070b2E2e0dc42D,shield,*
0xf7054231cB6c2b266E10BA65cf805b0b50B92d82,shield,*
0x4e7B77680BbEE8572348D17af81A94b174d611C1,shield,*
0x97F1161b5Fe506d1A278D082f645e96CcD08Fe21,shield,*
0x6BDaC235eF1361D187EeAC8AED1c5eB4caB6961f,shield,*
0x29A425878FCbc1Ae425F29Fc9dAa25c7Fb14966f,shield,*
0xE2E9DC6caF76E89fe990fA612229F8B3FF5006e9,shield,*
0x7cc4cD31E90dC7Ef9F845b001C3e73e38F8A5814,shield,*
0x4962743660A72eF48C46Ae246Ab79799c2cc7a2F,shield,*
0x22376ac36151844E1A187C66B777B6311d9C7D40,shield,*
0x57A216743e437922eE0c1D49CF4f4aC8F270b525,shield,*
0xBfd0Fe82C81d2319D7a536B4126f7353Be2b1338,shield,*
0x554E635e1893BFecFD9b78fBA2ba4F6fBb4e0876,shield,*
0xb2C201e8C18382A58C0a7efc32d1B5Ea33B1C513,shield,*
0x1d3202B34e8dE63EdaAA9A6EF8a9eeB5cA28e358,shield,*
0x0f61B72Fc630D3d3bCDe3A6A96C686A7cCe149f0,shield,*
0x36e2B23F41FDB74Afb90fa5E5B4e8619B2C81dEc,shield,*
0xB6Af418807B2CDC00095729ae151cd4bBDa556a5,shield,*
0x3f70e7dBeCE9f0Fb4a8b956cC8D2F20E32c4e654,shield,*
0xbe99a73ccf4fea6a1a4fac29b929ac27f9b66a92,shield,*
0xA2F8376fac90972C581E3BbA74FFe567617e89aC,shield,*
0x09C6230e43aCDF4aA89CCAB18C5cFD3F780459B7,shield,*
0xA4431719899b5FB004c6D0f3663510d674EE924A,shield,*
0xaFCd775a14db8d4F246C039139CcB27D6865AF52,shield,*
0x29Dd2c9Bf085B1E09e09227a5CBc4e847293b370,shield,*
0xf101567ee957dF17EbF3b2042885e2a69Fbb17d6,shield,*
0xCca909040bb4a18EB04f521109213652cBC2CE52,shield,*
0xC6c7F849A357AF1724c47FfC9CD5e96fDD144b4C,shield,*
0x10ba1A4365d68CB0ce3789eE6CaE1Cd899EE3419,shield,*
0xF9054D7A59f91CDE6ec1df0686B45810a3beFa6b,shield,*
0x7aDf93D0C41e85494465F48361a52E3d25DFbeB6,shield,*
0x32d642710d18b8E80C37bf1694da3C528353621c,shield,*
0x481Be6cbb94bbAf84E664fa63cb981DB2d73e696,shield,*
0xDa07F3b95EEC358663257a6a84BD41B20c0386cd,shield,*
0xae51091b794754b1b5f97B43F4e85eDa5606bB4E,shield,*
0x0B6500A1f97bC1755c666877ceBA9Fd0De0Dc02A,shield,*
0x668FAB5429f363f87C17B1d9f7eaDa702CadAe1f,shield,*
0x0F26F67551912c5F1673c7958CAA6A9a75ba2647,shield,*
0x77dD8AB1182c9FF708B84bbacb4ed1f5C26763aB,shield,*
0x96DaBaC5028977A3bc19992B440c1aC15DD05b06,shield,*
0x005E77151316871bfd8c0e0277Bb2bDCcB335C5c,shield,*
0xe50e0E782bb6C2c0a1b9A7bA95b022F4fc898dA2,shield,*
0x8924a5fD3d115A196140E924c707CfE43af8edcb,shield,*
0x2B6E790A783042C8fd846C4C178d00152841310B,shield,*
0x13B5A9De0b2D851C823cC3BEC5058FD1ac1f9A43,shield,*
0xD7b92CE34c324127D8D49CFB4f02Fe7a7AE06Ad6,shield,*
0x17d291698f11695CCB7b893F6d63124Ea1E67cbC,shield,*
0xD40565040eEcDe202e319a778658aa43dA2958ef,shield,*
0xb9D3ec2145bB32A0611fF7CA23F9Ddb7c6ca09E6,shield,*
0xc2AA71beaB3526ACae751680464227C61Fe53A17,shield,*
0x67AEE0eB584a57f67d835218967e4222F618a4C8,shield,*
0xa25517a722aB7e3bD17243704b2A3dDD938ec428,shield,*
0x5F068AaCFEFc3A8a047A390d654f4093f1bdf65C,weapon,5
0x2bDe0B2fbdBd41a48E2b9298ab300c945C23eaeD,weapon,5
0x526A519D05acA7Bcc7Dc9c47A84b16b453b0616D,weapon,5
0x000726e33459547e223A3d27AE24d7b69C96D26E,weapon,5
0xbB80c128a86368fb6da9157Bb4D54a58B55355fc,weapon,5
0x7689faD2cC9099C1B250f5C479089d688df197CC,weapon,5
0x5dCBEB4C741F265ab3F18A4c1970d9bA70c87963,weapon,5
0x51b9b007E6a2Cc5b88b662206b067888d924Ad96,weapon,5
0x003f1f798b4262352bf0b29D5EBefA03824A3d4F,weapon,5
0x56D39E612BD274D41aA61fE5114287523709ff4B,weapon,5
0xe00f33dbeae902c6eFDC2E860EA932F96de42551,weapon,5
0x4608C91d15fA426367cd808A7d8DCA6A35cF84E9,weapon,5
0x8258A857bA7806FB10134deFD20e9d3E40d25ba7,weapon,5
0xDD6E8ac518E75a80ab4e9Ae56a0B6E5DB27AC8e8,weapon,5
0x739c1401A27Ab7a947B12C637f074039E1665212,weapon,5
0x4EAc75D5E6ab7D6c6a3aaf843e8D5634982513B2,weapon,5
0xE7390C7f53CC07EE688F0e44010Cb5B4ff84846E,weapon,5
0x5434891681999db07202712ACADe8B41F6304D3F,weapon,5
0x8b53efe5B653140C28888c1067306B0f0e92914b,weapon,5
0xD426eff1D2580CDD29B9Cf020ff10805b071F014,weapon,5
0x532C094014E586Cd85e5ad3ad1789C6e96Ef1C99,weapon,5
0x6744efdC901357ac947aF7097966d4b41c4D33CB,weapon,5
0x526763a5f25b91D7E780d7034797048c37A99911,weapon,5
0x71Aca2Bc9ce99d7e19cD5e03c175758fAb0d3f3e,weapon,5
0x4B6051d14cBfe3CEB6B5b03B191482Ecdb882B8f,weapon,5
0x7149C12a8fBBDd4321Ae0c7D561D08bbA3f448C5,weapon,5
0x05B9Eb9650072678D1C4F7bD195e78ae7E4b9A1C,weapon,5
0x6414eD46467E53a754C5a0Fb98B8f32808ecFa08,weapon,5
0xb4739E22c747751DbABebDAAAc3878615050e2d7,weapon,5
0x710F5220dA39696A39AD9F972a056127566b6c54,weapon,5
0x43E8180Bf7Eaa153b7e8ef0a9a7C5bE588F18471,weapon,5
0x7F9e2E81299817325Bc04DC127724d4f288cEE13,weapon,5
0x9353914786ac4C6A92ef6621e6d2DCe3D2C58c1C,weapon,5
0xd7b089e0E24c2fa4Aa2BA0A376dFADb5DE4eF431,weapon,5
0x8208398A1de4FD46D52A6A96e062442bdcd4086c,weapon,5
0xD04638F9b20810c981Ea76a55067F19b60a0AFc1,weapon,5
0x0Dc6A72cBA39c139b5907e97dEaEd6e8A65E06EA,weapon,5
0x822795c75118da1Ae8e7C2Ac90605D51c4621888,weapon,5
0x4B09B3a115BB508C21085554aBfba91D39AF83E9,weapon,5
0xD1F3C06FF1FE94baE00520e8279497510ad76Fd4,weapon,5
0x3aFe1034861ddB69f36E2709587B9934ee0e5165,weapon,5
0x05D74e6e09779E28d5405ea1364a6d80d2990044,weapon,5
0xEf5402E86c24770546184b81f905298eEB3931Ad,weapon,5
0x8169C6E259440ECCf13363e284690710883aaEe9,weapon,5
0x4d0e2a5Fb6D033A88727Ca282f278773832616B9,weapon,5
0x2859221383B1CF06c5e5Fbc576d2E312aF857acD,weapon,5
0xE1Bb787c1AA07491cCcc6631F114aa99AF7a10F0,weapon,5
0x371f359DdEb7Dd9602C621aFeD757e034675C8cE,weapon,5
0x3eF9e9Eb3ec739b92889aFac8886C784EcFF7a77,weapon,5
0x117d93bc010B1A60a7103f775c9D2A2DF4Ae488A,weapon,5
0xFa8aA2f43312dfCf52C1439f29E7bdc8f820f5Fa,weapon,5
0x1984a755DbdC9BDc50D823808896bCA314f8367F,weapon,5
0x85ab04c39cDA7BE202707447eCb08b03bc3eDc26,weapon,5
0xAF0EBcA62721753c407dE8b5dd53e544163Fad3a,weapon,5
0x7f5d5Dd2422b3e1460AF76483a55Dfd86DAA9c27,weapon,5
0x954f60C21ed48b944603Aca0a989559102E7AB15,weapon,5
0x507832c92Ade971b9a2880427353C6ce6D0ffe53,weapon,5
0xD194eA66e9135C8CA6fD63df2a63b6Ee4Be3e890,weapon,5
0x946c5747f56694506adAdEc2364531a91210B9a2,weapon,5
0x0ecC89f17d2beBbE3C962Bfac34fa491836a295B,weapon,5
0x17361247AB6a69b307c39626e48AF6f9Ae4e60A0,weapon,5
0x385311C2F84b3F6409324d3893d07F98A015F4F4,weapon,5
0x43E8180Bf7Eaa153b7e8ef0a9a7C5bE588F18471,weapon,5
0x520Ba5A537B9Bd47003017030a7C092287287ae0,weapon,5
0x9Ede9Dd605A3E9d9f40Ec78194B69698033d0545,weapon,5
0xb7d8B89a47F17BBA781d14437A5a255dCF0fdf5f,weapon,5
0xcf76A5F7D2431738049E6DC6326B058AF38500A2,weapon,5
0xF78f5103e4A2be3edff3341e7C1ed2ae552A8beF,weapon,5
0xD9C4a7A28AF4b972e54F2501537f12e36B9e1530,weapon,5
0x0B32775D535DB14A7a0338e762bf2DB734613a29,weapon,5
0x3f3647C428e136A063036F8b08ec0dbbEa495e76,weapon,5
0xf1C9775A71d3Ad07475C4CcC4D877C6aa47f0f18,weapon,5
0xd8f125cf081Dacff53D7f69C0Da3Dd79aD6Da35C,weapon,5
0xC05Ed7Bb35708855602b8503A0ceB574f2092424,weapon,5
0x48dBFC88f750Ec0719CB3b2638298D8bE3CbD3Ac,weapon,5
0xBE5E8124edEf0E529f767Cc9E1B29DFA4Fcfa440,weapon,5
0xF5ba5a8Ff2D658bEcB16c85D25A68E056612829F,weapon,5
0x46B47a57f6809223794e1e1e83bB6fA1020496F1,weapon,5
0xdcaF58f7A3e91ad7a49aE42f9454c06891FB14b0,weapon,5
0xD8C5a781f2d51Aeb81fb32dCb01fb5118B76bED9,weapon,5
0x4A9A88597A30AB80e1F43E95AEA890333B703B16,weapon,5
0xaa2fbdd65fe35f6a72b377595d44f815df205f99,weapon,5
0xa7935871168c0F93843dE0DabD65A83589298BeB,weapon,5
0x0E9A04C8821659a9387F376C6621553C55c1Bc4E,weapon,5
0x6F4f06e69CC7CCd572b87748fB550411B5A607AB,weapon,5
0x88F10b4914c94dd7e444e05a43e467440046Ce3E,weapon,5
0x3b31514772D2A43C7f215e34d4652E8Ac37bbEFB,weapon,5
0x6a14d9a2dAf7c1bA79e30246B8B1882e62983273,weapon,5
0xFbFA9087f8b850DA4786C62d8569616C2e49dF05,weapon,5
0x94E57f893Fb8f7Df6e238833EE7bF4692ACC33D9,weapon,5
0xCc983566D3e7C4300eA73dc749F0fd95ad65A417,weapon,5
0x7c359154b0519a50959992588918E4687B65E7F5,weapon,5
0xe8898093f85e1611d7eafe16bffee8ffabd3ae20,weapon,5
0x0BC24ffeC9875798e87dEc66A907545272F01A38,weapon,5
0xe689151150a7b0bBC55E46674Eff2A1d2cc42935,weapon,5
0x2d35A80eC6555aBeC87Bc2eB3772a77db5FeCf1e,weapon,5
0xA9fc5423057c2C6177ef6A2f24C4D404BE21C499,weapon,5
0xE24C3FfeE838DaAdd46D937f023f605500D3f81E,weapon,5
0xBCB45921Da5209916899476d8467fE8B9dF64E17,weapon,5
0x299706E157b24ec52E7097002785523BCD2aCD66,weapon,5
0x2091C89d2ACdf904Df26f2EE071f98Dc138555ba,weapon,5
0x728e62d85dC084f1E10D33040D7B3D9A624e9bbA,weapon,5
0xAe8c981A8254E0a4aE79b9364B05246D57626E02,weapon,5
0x686075106D696Ba8f32CBBCFc7BCc837788Dfff9,weapon,5
0x96B4544E062d0d2D6FB5Dbcfa18845c8e00F8DA4,weapon,5
0xA0746C78d01ECff9CE2ee6a9396bc233E8E717B0,weapon,5
0x0dd2380cFD0Bb2d83A9BcffEF5De1674573e147d,weapon,5
0x09322A048dD80DfA8fF18e8A1B221A64d3B5031a,weapon,5
0xdCba2c0AfB5c0e24559F5EE03a459486EFB1707E,weapon,5
0x54B701064A0f706A1546bf3AD3bfA64fED9D0533,weapon,5
0x39a2778E6e8F699C921AFB438A76adf188cE9403,weapon,5
0x09591afDE4A26b49D711aaFa4753a3aE314E781A,weapon,5
0xc3367f29E49cb86FEFe7c692a53E18B627f455Ab,weapon,5
0x5712e14A116c1Ca216Bc722A41207c74145988e0,weapon,5
0x62E147aFe32EdbfC9Ee2361EF06820496C456Eb6,weapon,5
0x62E147aFe32EdbfC9Ee2361EF06820496C456Eb6,weapon,5
0x4E26d872F9874eC4499c993dBb2a91d9bbEfE4D0,weapon,5
0x133C1B00620A48C39f5c1f9d8b53c627352d00F9,weapon,5
0x5bbCd7a0A54ee819122b13EC0eB2d2D9c2Cb6B4f,weapon,5
0x0000A59fDd75aF6ecBEC85e8482c728059963c7f,weapon,5
0xb5FEa9E69204Bec7679029aCd4605f8AEE841821,weapon,5
0xE371da53E59B2798Ecd81D12BEDFEA95d01dc0Fc,weapon,5
0x5cf85066aE3a3bf8608bE8dA3d029Ae5ec480ce9,weapon,5
0xE753d656751651d3F41c7788130c331F4e51a66b,weapon,5
0x94dDd8065e87374DB26691514A47FC784286100A,weapon,5
0x1abBebb45C198dC95126fFde78CACDd4CEd458D1,weapon,5
0x1D923F1EC77ae361B871E0F4e1Bc2ee9D2189697,weapon,5
0x824aa53217015cEC96D56635D69AA2c8951c56B2,weapon,5
0x3b0f3f74efD9Ed5A6152662bfFdC93341e1960bD,weapon,5
0x4649709F332837E32dCf5c90BB59A237eAf91e9f,weapon,5
0x61DEF95b6436B0Af52eFF36b17429ef014715635,weapon,5
0x0A8dd51Ef8d1d6D7b199f7679D29dDaAD541C9E4,weapon,5
0xEb2950B7D6872113B0cd6BC0a8f8cC6EE5054bd9,weapon,5
0x062fF6D7127136d5EBFff15242da65F01474aF1A,weapon,5
0xDD82bB20BbA7d2CeE28Ac0cE4bb13F9cdb7DF588,weapon,5
0xCB4331F02a12fE52E1F234351827c04EcDE35bEA,weapon,5
0x5fE4edd18262E495075745D34D5Af92871f9BBcb,weapon,5
0xed0C239622448a4239EE80324154aa4a1b8D3DC4,weapon,5
0xeB6e3fd589896cD5E4182F79042C44547c567783,weapon,5
0xA137B594a881e952ab9895EFe3C3f3423ac5F33F,weapon,5
0xE248F63E35e55Da5314f05e084e6Cc8BF01aBb1d,weapon,5
0xC84755bA4f7f25FD332b851E8880E072B63920e3,weapon,5
0x2D1768d513aB092EFc24AFAa6EFe444F5158177D,weapon,5
0x042D49f2f226292D391718db51dD63168bFB8AE5,weapon,5
0xdE97E097F65E6dC7208e0Ebe5C461bb8cBB2Ae56,weapon,5
0xf2BaD7C3796579aC78D68E695abc2A431a5b2071,weapon,5
0xc4551428063a8f0f6870DAf1eCEb47E032cA2d5C,weapon,5
0x0348D63099Be16F4F8A5e01913a6CdFf7021b0ED,weapon,5
0x116615c8A86DEC6764AdE517c08Ce7e1dDD25bb1,weapon,5
0xCc0F0fa146087CEc743A41F8452C062f5E02BB23,weapon,5
0xa61FB9e7A7BA6C40d58c3C7056ae318C56c6e5Ad,weapon,5
0xfB90de4DD54E85f0F1e5631187C2dD6f9E1cA9A7,weapon,5
0x4d21F6bDFf75ee15E9c03CBd3E7931622bBb8121,weapon,5
0x8EE5023629414c437f1c30516b00f220706C2D6a,weapon,5
0x0d976803fd5a8347037C7DdBAA282e2050efc231,weapon,5
0xc93bcB0ECdD9cd72f5D79aF5E879199182d593e8,weapon,5
0x39ca4A039E18923882B34689E89e979AE3937bBA,weapon,5
0x40bE60640574f09bc8Dea1a25E0bce44151d8906,weapon,5
0x404dD33fbd55515ff085acd0D6B34af0E0B1C158,weapon,5
0x094Ff9bE4D2CF6eAdaA1d3D9C112550cDa9dF052,weapon,5
0x33b8AfCF88fDA421F55234A5C7Bebc7Bcf0eA5A4,weapon,5
0xD84b41633A4fdd2D69138A90fFbaCbb2b28ab150,weapon,5
0x41927d7150Eb35dA9A66E41d890c7924d84A5635,weapon,5
0xF607e497F8c1631dF7Da755825b36e47d088048F,weapon,5
0x9e868534427c5555aD3101c70a18D2F061AdDe2B,weapon,5
0x83a753B66848b60C370fD6Dde52c65B35507320a,weapon,5
0x5Fd40BC5e29698Bcd08AA76b1B8F84B6C687EAb4,weapon,5
0xe450fCEdC2faFF114AF94Fb70065CFE18A40721e,weapon,5
0xaAD30676064786E9687802041f1D63Dc9F5ce7f3,weapon,5
0xb48e7B05db0A0A6543E4B6a5fB684dB97Dc667e7,weapon,5
0x6a474C71B795d6cE136a575ffDC3071d9cD9c0f2,weapon,5
0x36Ee25e5eB5998cec1A43efE7eBc66fC5790D729,weapon,5
0x7bc4f4b1c14555cD37ed438ce18DE5d7C786de53,weapon,5
0x61785592be54141f871b0cb9bb504bc8527dd2c2,weapon,5
0x716AA7A5941DF30615188Bc970a37283952bb7B6,weapon,5
0xa4DAc58d5670b3668348A66367322b0bBd11c123,weapon,5
0x3BB15c7E9d95091f85B47D559C1301a39CB2aE7A,weapon,5
0x8ff4Bb0d0b8B0a51b5A1dF20177F90148d6f1a2D,weapon,5
0xA275eDA297Ff204484E35FA44947C99EE9a644B3,weapon,5
0x82bb5DcDD8f90bcDDab407b3F8b7C411Abd50e0b,weapon,5
0x2f035F52B783fAA00e9F3E9ddE3cd1599e4FB397,weapon,5
0x8270298Caf64dE076Cb632CDcfDaa80257559D6D,weapon,5
0xB2194D8E75683019032e6B0F694ebd53E7F55A0c,weapon,5
0x945dc0Fd9A1780299D49F256D6A0604FC457C264,weapon,5
0xab239635E0256375a5052f475cDf40946419c7df,weapon,5
0xD0b3b17A44CE42a712A1C50AA023375578ae722c,weapon,5
0x0D50bb5b6BCEcC8a51898DeFBe2E9a89a82fEA0A,weapon,5
0x75270A3068D146a7e7855ebeE4edA1380E57A28f,weapon,5
0x2cb9849967BDF85FEe46eD47AE08410BFa7FB282,weapon,5
0x4Fb58D182BB13D0Ec3d0F71C00c548d63ff36054,weapon,5
0x9BaCAEC9626e537072882077386d41a0C01fEA25,weapon,4
0x69261B98fa6225FBCF7ad6BA2d18445CEa91eF96,weapon,4
0x7Cce119b9795670D2bBA30b05614d28D60AE983d,weapon,4
0x4a53B9EDf00657D88765c17Ce6071228ae9afB43,weapon,4
0x53d99Bc64A1A0E22f23187c1bDB05DB6f87898c2,weapon,4
0xec2d87f7358A1315b0554e809B3Aa65B605f3C61,weapon,4
0x8954BA05a1214b901f8e5eD21c0dABee30185294,weapon,4
0x3e8116D570Ad2231D5AD514Dc94500B0e1Ba3309,weapon,4
0xd226FBd7A4914C7Ad3350A95EAFF8445D085a266,weapon,4
0x16015260aEAE387C5bA015686E08936ba6bb6356,weapon,4
0x7f7aE9f11Cf16a2AFBb2A92cFEdab4cb617d2F14,weapon,4
0xfE89B81F7F4Af5E0A2bed99A7F39E4395470C01D,weapon,4
0x034187BD94b15b7503D1819d6a64cD1f0fc59B8C,weapon,4
0xe59def4Daf87c8B9aeD4A3554c0D2be7aD1aC6Ce,weapon,4
0x7Bd7e096bF228c7739a93135367cB12a8a7b7206,weapon,4
0x26Dbc711C8824E22C5eC0920963211188dFFA6df,weapon,4
0xC4f373b4180c0D2b1590e0f42e6eFb87c497799E,weapon,4
0xa92875386eCA79105594F6b9BdFF9ea0879fc65d,weapon,4
0x34b78b43a0B1D9b90cE26a599fADF03f32544146,weapon,4
0xdc8C45a5639127FDA1354069367bb257Ca340FCE,weapon,4
0x43c430123eEAdC8D06439A1501cC26bf56fD6620,weapon,4
0x6Da725c2bcbc7Cd43b04E06893B66d36554a1dc2,weapon,4
0xeF82cd5B556e41009969b618186e173f87Faf176,weapon,4
0x142206f7835C9662484dF238bA9336295032E029,weapon,4
0x8235ff55Fe417544C9118823eb23cd7363b22686,weapon,4
0xD57C829Ef3794408402aDcB006E18339376205C7,weapon,4
0xaF41F379DbcF18151323c48Cc0cF7AFCa83f53B4,weapon,4
0x12A33CF99150f8809997a25299e9788e46853be1,weapon,4
0xEBc1b864349064f9151544A295287250e4ca62c7,weapon,4
0x8754422BF2a421F57962901b2d510c5f1c296aEb,weapon,4
0x28ed25AcCE76c60cF8F5E2379861fFC0FDD8049d,weapon,4
0x957CC586A771c1e7279436ee258666EE56e79b0C,weapon,4
0xB10B06c46443d96Fc5fcbFa52282b8a77E203D19,weapon,4
0x13d10AC577e177561b525e281E0cb37c4991d5Bd,weapon,4
0xeEeb76bF188Dcab3475807f461e015f1aDAdF9fd,weapon,4
0xb3dA3413647486B787231d445782aE141606a9E9,weapon,4
0x6D629FAEd9DE0aCa90dc51FbF3b75606A016f6E3,weapon,4
0x404F583833d0a05156FF6003da652B6031eBCB55,weapon,4
0xEF2f7d9B79009F6D2D50461930d04737398788a9,weapon,4
0x9B0c5a02B6B1BBf99a566fDa535cE9714EF84F1A,weapon,4
0xe3A02b1e99D51D8818ED3cb3Ee12238dAE0c3fE8,weapon,4
0x863639AAEb08f8e410412394a2003A1Ff51Db827,weapon,4
0x3Ea48F56cf365748325BE50Af6B48515bE0ab8dB,weapon,4
0x7013629A3A7BE5eebCB5eF4cc7a1Bce5736C0F43,weapon,4
0xDe6110058bdBf3701aF30d83BC4EfAB8555609C7,weapon,4
0x4E617331F914eFbC93beA1610bA58E08760bd432,weapon,4
0xD4519d2d53A81eF5c753D3539f9f74623F61Bd78,weapon,4
0x9f9C7800BA1111eE1CD9f579832C5Cf3685C0d2E,weapon,4
0xbDAB27BC77fD178B0E4892cd9A6B5882f9b5E7EB,weapon,4
0x09312e10a4b77F0e66236405CD7c41719901b045,weapon,4
0xc8938446144f89E8542FcEb2AAb5D241746B706a,weapon,4
0x56193473c7fDa12f5C430B102426B152EA6Bc104,weapon,4
0x9098977590D84B03162A5F2f035fe56dB8F975c2,weapon,4
0xfbD877CabF07575B69223738cdDA2D6F78f2a4D0,weapon,4
0xE206cC98522bab48264Cfc63D48815217c862cEd,weapon,4
0x119746EDc606952833079C83983476Dc2fF4534C,weapon,4
0x51847D51d35cDbeFD7bf9587b955c8876d9c94e5,weapon,4
0x46B52431C7b50eF28643d81646a4E43596CA7C88,weapon,4
0xC71e8085004e6C2E9B9F980b16bd1CF8b9397951,weapon,4
0x98852c0A6E6A41354835E42ACD1977657B53B644,weapon,4
0xdc9BE26e882c6cA24950fD9a9C5C14891C94468c,weapon,4
0xCC71fC1a5666B3467B2CEF2CD20a026cB5600a34,weapon,4
0x473d306793170181afda36c5B340DafF08474D5d,weapon,4
0x3ADFbee3a71302bBA8EE8eAC472b2fdBa3BcB68e,weapon,4
0x04E792FFD1409C901e810FE64dA709f2BD598434,weapon,4
0x9E69AE1428F7E8FF21D9292A5D84E43bd7D47E19,weapon,4
0xf30F0F558A990328eDED26C2999d1a2b2e37f61D,weapon,4
0x08e112247Df60A503B4a8ba0FDdF3F50C551269b,weapon,4
0xBAba5197EF86b23F998fD5E59C7a49c72D09D269,weapon,4
0x2B05fcCCA6C6194603c1C6BCccEAE3F48594B769,weapon,4
0xE5BB5824BB125F551C9Cc29E58f3AB5330d82f9d,weapon,4
0x86E8Fdc2485411E74dC266a3Ce660b1CB1254e15,weapon,4
0xB2E7011e8062D30c5c63eF19D2599d9c86983446,weapon,4
0x3C7653f7ad2857594c23556B0f06C2960681d4C9,weapon,4
0xcd03727e174684E7334879B6f606abaf88caBca0,weapon,4
0xb64D3761e49B6ff831Ab6e28DfC4d50061c8c186,weapon,4
0x94C7603e56B7Aeaf1477369B663a68edDbD243B2,weapon,4
0x8153C03e4b4511352DDF53ae54Bf31832BA5c019,weapon,4
0x02912D5b5F5da1b4746c7A7813B12D07dC45009a,weapon,4
0xC621fDC51592C7d139d16B8D6e609C6E7B02D2c2,weapon,4
0x5FEd0159cAa315f38f90E04f24e4A66E2A1b573C,weapon,4
0x3b3C7bE330Aa1E2CDf1de8485137264427776D52,weapon,4
0x67A5b6670aFAaD1E2135C07B16ac12e6b1B84Fd1,weapon,4
0x34Df51d4A1f07FD2C56E1EAe5abc402F6f03EBB2,weapon,4
0x26df9da1969443667C76d0Bc072a6F746AabCcc2,weapon,4
0x1ad2F6d398c919F8ca59E9cbBd6F0e344B02ACC6,weapon,4
0x87564a6796Dd497f29529C619CaEEFc492F05242,weapon,4
0xca9a0A2fb06ba599CcC21b9D64f47482d53CA146,weapon,4
0xB4DCcFF5a7A1e7B01be4731e802B84a83E2B3AdA,weapon,4
0x891769cEb0E5dB47CFd7e15152c9bB4b4D0BC4eA,weapon,4
0xb87dBf747efB5b8dc90218c75847bBe911cE0674,weapon,4
0xD16d4e98CDf7a25Db8e85885198EaDc08D61fE22,weapon,4
0xfB81eC043bC55cb4061FF68b6F934E1248Af8849,weapon,4
0x9FfD80FC1CcC65E91A216D82b88a81787F489363,weapon,4
0x33C7410f3aBd232e5640A180aBED4b4856302455,weapon,4
0x196DC13a1b11811D32fb4753FD3a09bC53169D82,weapon,4
0x9a882Fec1bFAf21eD67869Cb4BB43A8C67195c2B,weapon,4
0x2ea1094ADEBe1dD49cf8A14945F414ff99972dd7,weapon,4
0x60369BB77DADC60d93B5c00B9266b7546373f052,weapon,4
0x1d5E67Db7F811A3aA134A1c99127a9168fc9e77E,weapon,4
0x612f5936f62f70B36dDe6260a213fcc388CCB293,weapon,4
0x93087B903bc416f53bB6bd95b24aA4CeA0F5eC7a,weapon,4
0x636CB2965F0F33CCAa4A8e1603c7e84aDb38be08,weapon,4
0x5381bA7605A39e93B2F10a5e61150F3Db1CA1985,weapon,4
0xF4e83eA4090a965365Ed854311496277619E99De,weapon,4
0x10702aEa7C36Bd81144e10a96b5A92D47c508993,weapon,4
0xcf8b3dc55da7E1A29269187d4788048dfE88c57E,weapon,4
0xa20B9F46937b6369d43658bfcfbcf91dA0020A5C,weapon,4
0x47a80c1F32090fEDafdDfDbAA6B3f6fC72A6a2E4,weapon,4
0x8f54B96A5b9829Ff3070AE9C0A2715F325425Aa7,weapon,4
0x3BC78292F5f97c77FD9399856e3c0b536410319c,weapon,4
0xE0fcb63C5Bc92078700bAC617829b46232d624c9,weapon,4
0x6E40ddB9D0F797400D896da2197f455Fca0129F2,weapon,4
0x34e5227cd00FbDEf26163fFE3fD2d523CEBDA410,weapon,4
0x7193d1d619886E730C732fbb76e7e4b032454349,weapon,4
0xC691E93d18F1d80aa46468b74bd0f74Ad464c168,weapon,4
0x580FD5B7e5F4C06dF1789CCf726a08D4A5adBB73,weapon,4
0x394Ef8fd9c0EBBD28d844962515019F241f16B3C,weapon,4
0xa4315e211F258ae0dE0b55d82f2EE4469d361905,weapon,4
0x117aFB026d676a86d3E6c7d7873666B0bdB2B715,weapon,4
0xDE746Ff15E9Ce4f720A9ce141c9314Af77a62a5b,weapon,4
0x039F243B81A65fbcE26957A0592Fb2600A51889f,weapon,4
0x4649ECf950C8CbC0e2e48b120Fd088FF06C70BC2,weapon,4
0xa9Fba111Fa5210F9EDEFa21FC0dBC69E2DBC00d1,weapon,4
0x7B1878cFf8161a2Ad2C9FdaAcA90916d61f643c7,weapon,4
0x568ae5B9fb869d3e75DAC805bB30575aeFD1f361,weapon,4
0xC1D5B9fa5c5321279e5A874f29a4A36b1C7fcbC4,weapon,4
0x5ebf00C33D866ac41222c23fb56719C4B6b3eD1f,weapon,4
0xb0C1d91ab6f6e71fc04643930e242793FbA075A6,weapon,4
0x8F11273b821624391983540a8Ff4903D0886De78,weapon,4
0x017D55952F0Ae379a5c6fb70f8820db9c63c4328,weapon,4
0x01880349dd45aac252d15105FE71147348020554,weapon,4
0x7B1CbAAB1C25aD7873F2e6d48D20d5a5261331Ff,weapon,4
0x00117Ac418C8B7e1124b71B684B9f7D9c8c40991,weapon,4
0xfd7e2bB2ced43D7e06cE30E871a11142636875Fe,weapon,4
0x8Aa8fC0F98Bb8Db85E34f8C0D4094933bB6AD237,weapon,4
0x2e7bA2b8D41d92F62AA1F6DFBE7607165263729d,weapon,4
0x67a2Af5A1b6Dc82Df1C7ef8088123fa270Ef033a,weapon,4
0x8684263a470a995cD3A0050b4919CaEe15a98761,weapon,4
0x886a3a7b5c18bd440B7ad1d7426C0E3E5bfE20FD,weapon,4
0x8bE891853a2a2164311DF5053A1D9EAF78d0Eb5B,weapon,4
0xB93c1D571ceE95585C9dB9A019953e1942b20Af7,weapon,4
0x01209453665C0CD80Df7F3aDc52b4940a52438e7,weapon,4
0xAA4adB70c1378E93833a849F3C3f62694CA433a6,weapon,4
0x9ff0306042bB2e1051d2c7CD17318E7eF1b56e11,weapon,4
0x833d272eCEFc1C8b72e455a0809eC6E8f5a08eC4,weapon,4
0xBb441cbCFFF001f0442B79DE6e4581413Dd3DFAA,weapon,4
0xae4a10485E9aD74038E911E03FBc1Ad3a9215391,weapon,4
0x74648Ba6f408a1dECfDe319CEf04f1B332949B38,weapon,4
0xe2C8a9CCb12A8ceA8CEE38d6Bd9485DaA0087238,weapon,4
0xB19599dc8179F23793D3f4b70F81Bc22c527eA6C,weapon,4
0xDB74FF689CcD38d54A40D73A0613616800DC4f13,weapon,4
0x902a2509A27A005c67292f9fE7804d67173e0ad8,weapon,4
0x584Cb213378B88B1533989F0f88b144ef27E74a1,weapon,4
0xbE4d426F0821D06809680F0E0E383AE042556C5b,weapon,4
0xaAA1BE93735b454D0828799D7D550a8cA74D9437,weapon,4
0xE3e7f1c77328Dcc7718D8584dD209C0919509cbA,weapon,4
0x42bACe1DC45f440e6b80b3796375092ADF9eD800,weapon,4
0x0826A84C968Ad107aa7cCDe53571beB5c8fc789d,weapon,4
0xDd2Fc428ddc2d953c047a49502f6D1Ed112a3056,weapon,4
0x3990D6bD835C6DC09F421CbFB16C6B33531E83Ef,weapon,4
0xd74615c632F74A19527da05533F7D4DD4aC356ad,weapon,4
0x226A55268962B3AAe5E0b8727AD71f0d2f93E88e,weapon,4
0xED2bE4FdD161Cc2a1f1856Ac97bBb8aE07657a6D,weapon,4
0x9aa22ecabb636F3F8bd5e606d6E7Dc8a56D66cdF,weapon,4
0xE0f3C1266cf942f1e2846201B42a63BC0Ee9d64d,weapon,4
0x98F71883d1de5A4479440bA588106bf8eD946e90,weapon,4
0x90d68F8Df39DC3A67D5dCCd29bFC60080479B420,weapon,4
0x19B638A54341F40c7017a28C3cF2a49e84D2b663,weapon,4
0x90cc707816693eB844cF5C65AEe6cf1b0982daB5,weapon,4
0x171fd88360D9897dc1A6E581FB1305dEe04003b8,weapon,4
0xB9E56Ec69Cc57838a3569985085F14D867A48D71,weapon,4
0xF7bBf43aE47E57Fb66E7f1131976CC19C9359a94,weapon,4
0x406700625a875fE1844fD4250A99Ed55906d2944,weapon,4
0x1Cf4dABC3DFc0d0A248C1F8beB994FD62448539B,weapon,4
0x62DF75393AF90B0D7602F7e52030cFAB45E7D162,weapon,4
0x555E5f5f365C0Bdd529811256782D9058e9a7f84,weapon,4
0x5Bd3f42c98125B0CE1c1a397C2a00B7f4887DE59,weapon,4
0xa94B2c9caeB767755dc63F2aFF819bC8b9DCc71C,weapon,4
0xaF41F379DbcF18151323c48Cc0cF7AFCa83f53B4,weapon,4
0x8ACe9B1bcBE03B9B05572488777B06dBCaF1068F,weapon,4
0xEA0F15d07a8290ac290743583e9e92A1BB453A9A,weapon,4
0xaF41F379DbcF18151323c48Cc0cF7AFCa83f53B4,weapon,4
0xEA0F15d07a8290ac290743583e9e92A1BB453A9A,weapon,4
0xAD06064718943E40B7d9bC0Ec383F6d04940cbF4,weapon,4
0xbDAB27BC77fD178B0E4892cd9A6B5882f9b5E7EB,weapon,4
0xD7881beC8ddb247E07523fA0490f0288F71358CC,weapon,4
0x72389e805118fd3d0de6F5E4E70ff32c9a989E4a,weapon,4
0x090d81bA404D6606547E4590E840351253CC32c5,weapon,4
0xd4AA0AD4ffFB88520332630991444830eaaAA453,weapon,4
0xD2725e735c0677E8FFEe8dA138Ef1F539Bcd3eFa,weapon,4
0x64C5aB2B7CF8B535614C5facbff90f2B25E81117,weapon,4
0x7350a137eee57f427583649e80c3E1047Bdb3476,weapon,4
0x1EcC637f05CfF1921227F5a8a37c6936a02e3D39,weapon,4
0x3d7a9dc35c6a8AE5E3A0323F8E44C50d58d0d281,weapon,4
0xD68A8864efe7b788Be57c4e5b04273563E1BBbA6,weapon,4
0x0549691Bf5bBC78BE0b304E1447866dC3b1C6A6c,weapon,4
0x35eCE0359571e52A23e0a63D0D5428617caEF76a,weapon,4
0x3e31444f764fB6A2216e9a3422572751b7774E43,weapon,4
0x056eC9922AE7605a16D3F5b7884d62560254ADdC,weapon,4
0x6e6EC39Ac28859576cEA997FE1867459975da86B,weapon,4
0x1fB289Ec044953477c8a0a657193eAE985f0f4F0,weapon,4
0xfdFA771cCD174F2d7D0308eb2799Cd3A64492148,weapon,4
0x2cb0bE4be0d010795bf6fB21B64d82D0eAF490ea,weapon,4
0x956893Cc4EE56361CB08E88463d8D5AfC6E8b265,weapon,4
0xd025F3037D362E2CF5b4DA9feDFff2bbE790CE9f,weapon,4
0x098e45A06D1cD1308a52E05DAbE4100c08987203,weapon,4
0x07b1883c4747ff7BA365448db6e07Be2Bb6342E2,weapon,4
0xcc9F763f890683c9957738AC633fBa2D8e6f8Bb0,weapon,4
0x4c5AC9d247Ecf677E597d7E90F28309680445a64,weapon,4
0x3E512D6FE49EAa8DF128C140E5bf2Bb725EA4318,weapon,4
0x40E4d9395824f75C8d1BD72a4372a1C10d4E19d3,weapon,4
0x870C63A4dc245Aeb71Ebf19fb51F1d05D87c5D4c,weapon,4
0x64266B4231C14DC075141c473b2579D910B5dD7E,weapon,4
0xEfE52C1590Ff2354914B6ea2b19b265a5d154126,weapon,4
0x0CA1C5caFCadd50EE8F129acBAB5c9d9f24f4E50,weapon,4
0x53d58559CB7083Ac9eDd14b49566E01A3b228d98,weapon,4
0x0DdFf7eDD68068d5b10913cc77ACE78A76eBe2dF,weapon,4
0xBcc9F5Fa972d7e7E4332Bc1035dc016102E74d22,weapon,4
0xA9E20D263cB8F9627464f5e660b575F2ed6163FD,weapon,4
0xd627dC5dAFac51c3e31b982E91414B95238f070D,weapon,4
0x20277264Be2A8E4C0E58e23aF03a1EF8fc314AeD,weapon,4
0xC0B3BC0e92e90bBCF5118DD2C9AcC9e665902F08,weapon,4
0x46086ff3312a474a0b9479cFcCD079870de2EF84,weapon,4
0xD67E900c90E54b9cc7055bEa47F0888A80c8D964,weapon,4
0x06d37e489f7876e4Cfa4572bb2aA7c8CB9298B72,weapon,4
0x93d1c2C62A13316691Af15f4C05133D7Ff051bbC,weapon,4
0xA024AE2d62C0ace0d85d2c14b4cdB59d0B8F90a1,weapon,4
0xD1F26f77CDec68a869E791b23284133053d75413,weapon,4
0xb33d34bbe746b58037B56E63bf50D84465d132de,weapon,4
0xaF72f81aff7804B9b277373779b4FEbb8B65B215,weapon,4
0x33288417F2589ab84801ECdB4d7AF67Ba82a4695,weapon,4
0xb35825Be9214806175FE9F060b75a7BF2dF28870,weapon,4
0x7642f0a546d32A02EbaA78550953daE09Da3142C,weapon,4
0x01CD22BbA70e92800c3EBccDEa692aF0F097ef93,weapon,4
0xbB854204eD9577E1cbd49C23A6DBE52efE86C568,weapon,4
0x6E755D2a8137327127cb13F4c4389fb85F071892,weapon,4
0xb863C9f3Da7BbF5434421F77606Ef9cF449AF658,weapon,4
0x12e12dFffe4A1069d972f6AC1c41928F7d54Ffd8,weapon,4
0x2F5387F047F489c259f04D770C82dF30514AEb21,weapon,4
0x78d952fea0AdeA76fea486420f273A6031482262,weapon,4
0x31BCf9Cf6D47c40F27a8D5864f06E5c243aa4A22,weapon,4
0xEaf94d79cA8F5CCFa06f64ea9E3d0C552A8B208D,weapon,4
0xEC3BaBa922C07fEAB9C7640ebbB07f0B1EC545aa,weapon,4
0xa87Dc582b32Ea718Ba4aF480122Fc8832f615194,weapon,4
0xFD38a1B37dAD02e28F24B5b12bbCba26aee62611,weapon,4
0xA9caa1431Dc910B8D3B2882b8d14Fcb47AB49d6A,weapon,4
0x1Cb25bD109F4Db957aa7418eaBb8C8ca71228120,weapon,4
0x1766474b4602De462843ec9Cd18dC11DC6E1461b,weapon,4
0x3B09C7b8821E3c76E70d2653B72C0279E30c6B32,weapon,4
0xeA1290FE92110374315d7a4e83A727c12a8E7648,weapon,4
0x35e1651A5cE9aa25415D855AcDf8D99d605F2d52,weapon,4
0xc0C6d52275cc15330F6ce622E9Cb3ff6401409E0,weapon,4
0x0270fB51244bF4dd5Ce0A3398B1ea3EaD4dF9ad1,weapon,4
0x1eE5C869434B621B3357Cb0F8e1d62B400540188,weapon,4
0x822dD9B46217C6F6283e546a8e3925f1b342Da83,weapon,4
0xd6a05edE00804078753cc56a30087D23DE1847d1,weapon,4
0x598823c71a4bf0a0514191401C2a3C51A783E402,weapon,4
0xFEBc59084376073b8c1B5D5d5A92CC5ecD92c060,weapon,4
0xff872c8145295e7B930d3de494Ad467FDF257979,weapon,4
0x3830ec06042134e53E5a28Ba4Ccc7d6D852fe6B4,weapon,4
0xcFcBAF3FfD59dc4B007B8E8746D05dFE631eAb1C,weapon,4
0xBA8A8eF42DB9Fa2AA7D55bBE80B7c49955e5406f,weapon,4
0x5360f2f26238e48D14A1e74663CF20D2Bf8C1b57,weapon,4
0xd8BEC76b06092a240a800d64fb9ad9674A204CEA,weapon,4
0xFa34910890666909b578C5Da7ba9AD129AA15263,weapon,4
0xdf953d7ca552A6f4b35B8F219fef486C1A893E30,weapon,4
0x093FC53D2167BF477BF7efDF4D8F3267C4Cc55c9,weapon,4
0xf2EDdA619FD68b6A99f8CcB0C092D30A7E4fedD1,weapon,4
0xafAe644874bD67619af25d5DAA24BaDacb9e48d0,weapon,4
0x6d28410920f8Ab8FBC5761fCCbA7bE47834B2828,weapon,4
0x305a4576d82a52F0AE4B8292492F54D931638ed0,weapon,4
0xf8F8e38c0B196b4234c19Fa80e89824519D18532,weapon,4
0x78De09F9EfD3E0Fd2182EbC483Faf3Ff6eBADf3A,weapon,4
0x5533A8dC735101914568187C535DeC951D4214D4,weapon,4
0x463bCa4642F545eEb9Dd0Ab818a3f0B5eeD2683B,weapon,4
0x034Dc417948871F55380Bc8242b77f6bF5A29797,weapon,4
0x0cEd6f0A97f500770E6cb5B106af86cff07390B5,weapon,4
0xDF8344e561CE88633af2b18d077926935482e158,weapon,4
0xD52c9098c19160fB01E8256DF96043304F32bd92,weapon,4
0xfDE24f59103510EcB441E5be026870701d1Ea599,weapon,4
0x3C56717182Aa3bDC8552CEdE12773FC5c7FcAd69,weapon,4
0xc9f942082b925fBff7F4e3515260aAa1b0F895C0,weapon,4
0xFa34910890666909b578C5Da7ba9AD129AA15263,weapon,4
0x767AE365E1BD61d2681632703189Ddaa0d9aE58d,weapon,4
0x588C35ab893A83c0741A146EB18cDdd4B721584C,weapon,4
0x3833BCDEF680a20b1c459862bc2090E7f664cC26,weapon,4
0x090A1077fAEa5de7EF5514F5cF20bF0B9Df5e699,weapon,4
0xfA1b15c963A828a8667c8c22b35bA0128fca551a,weapon,4
0xCf1EDaF61969bA7F7cC506D00E2C8aF3f6315796,weapon,4
0x10c070f6690f1fB20dB2470Fba92C1515bF9A44d,weapon,4
0xB4F3F179e63316f6519A1d724aC213F164EA1F85,weapon,4
0x07fC09106966f34cdAd5920d5759D658637c3891,weapon,4
0x9cb121D5743d40368c3249dAE3cfc570F42aA653,weapon,4
0x10e2430713dC6ABc3fe933d638A38b07803b48B5,weapon,4
0xD6ad5B9D1980f05af41CE4A53326Df7b052e6eaf,weapon,4
0x840f95b5735bE1c40c8cb273aEdcBf5704E2a843,weapon,4
0xE6e59AE25415251b125513efCe8C2124C6313B5D,weapon,4
0x71Eb9233B81976373F9d2d45Eb02F6Ed365938eB,weapon,4
0x01CF34538bF98f70D15181eEB36cD516cBeDbeAa,weapon,4
0x5f8F7A97D7ae994b9175dBdDfE0D20C0341a012e,weapon,4
0x36F84F9DdC462AB24a3b277d4096d8A658A98cb2,weapon,4
0xeD6bE827Bb13Ca49960Ab417B5732508c3bD62FE,weapon,4
0x3290c0e619cBa4de7bf6C879d4C1822f3BF9b1A3,weapon,4
0x4A2f6F99AefD2CA7906D64CF352e083010ACb7AF,weapon,4
0xEA937210188185937a9D9aC7b6cd0FDDf38833D1,weapon,4
0xC4D216325Ac1f5a1c0634d9a1E6c9088E2A8Be65,weapon,4
0x3F8189270BE7cba8357F83313bCAEcDD07ecc22A,weapon,4
0xdc9CCeDBeEB0a1904690d7da0ef617094502a0B0,weapon,4
0xE8bD204481DdEC8F4aeeAd009844160ad5974c62,weapon,4
0xEA099BD5a2C7f316A2Cf9B32f3e7f2F25E966911,weapon,4
0x625F1e36401543a2B3B201cb796c8eC80B74B446,weapon,4
0x2c95985016769070D4adaEb5083EE8191190c1C0,weapon,4
0xB17e10E5a71A4771762618E2019F9f09F70B8bE0,weapon,4
0x26E994d0cb97D471Fb8Bd9B1BdeeFcC10ea3266f,weapon,4
0xb2476FE94A3bD1713087EBF636428586D3Ae137b,weapon,4
0x4dc9C4D8D20B1b46e956a29FDbdBb18B3b2055E7,weapon,4
0xd1cE893f08527C19532A3A0233aEb11627e6bF4D,weapon,4
0xA9F53Ada5c8d0ED7F7C2B4878D00614e7061d49b,weapon,4
0xc88de111fA6fB8E8dd4AEe4fF001A1b6a5573018,weapon,4
0x6A86378a8dB0969d851eb5E6fD63bBD818482eA0,weapon,4
0xfb026Fb5aA9f2823509b9d726A45f4e193813576,weapon,4
0x025BFB6bb70D3c668F1C02dcAF3e404387730cb6,weapon,4
0xfF09311ec250BC5cfa1178f6105BDd0F1A54983D,weapon,4
0x87B6bD6b8937b9A71F117736527706b234ea3e1c,weapon,4
0xC848d4db4f9e4A00139014DFb7fE2d27dC0c6cf0,weapon,4
0x273ec2CB20dCA6c8fD68A09393D698c9CdACAc30,weapon,4
0x6223e94ab589FD772e937bdBAe63E67Aa06B16b6,weapon,4
0x8032cBc660B893Df9F4d5f4Ad5B9D5Edca282c70,weapon,4
0xBa3f4C8B996b54AbF58a9079CDF20d6bc54314f6,weapon,4
0xEBEf4234bb8eDa8E108Dde5EBC9A15023e772Bcf,weapon,4
0x4d3Ea9823E575b356d554fa626818636749226E0,weapon,4
0x0187A422b4faD439Fbfcf20f21F32159fd2a4f97,weapon,4
0xA96cb3dEd37eCCD8B8D81A62fc967156FaBa8E2E,weapon,4
0x0ea5B410F3cc5e366100225F81A44B1a786e487E,weapon,4
0x40F10f4D9961417Bf2d8edA2C00631b80FF9f20F,weapon,4
0xDe9232a4239463b143C593Be47544433495342e0,weapon,4
0xB9e28ac5433b7955A7450d9A01f64e3B87037E90,weapon,4
0xB10442F11C7A6dF27Dd14F885F1B357eD42c7469,weapon,4
0xC216AB1e19895ABBc0CDaCC9aB19349c60237F1f,weapon,4
0xf7895F30A6892F88E18D618566d531A42507C342,weapon,4
0x257236760bC03d7EBF035F0Df666C25AD6116bb1,weapon,4
0x8eC00fCf4B4F80a0D291631F5296D2cDB3766506,weapon,4
0x84f9e2f207a07cFd74BAA2E41FBb43f93BA940A9,weapon,4
0x6c18e35208FbC20f796d139c8560257d04fad618,weapon,4
0x1bd1c0E6176d216679C0Fe20198057f06d503DF9,weapon,4
0xbf3fe62DB80bae26749E1Ad97c8696497c95Cb74,weapon,4
0xaD53234412E1135eFe240836d6c27aD3Bce774d2,weapon,4
0x45C4a3532A2E6Aa424436a9CEd4df5cDf96E3D4e,weapon,4
0xEFC1Eedb27f88956c4756964f54d42FfA3235A32,weapon,4
0x9b02627731dc351572376060a46F0ec4eBE45fC3,weapon,4
0x924302Bb865D81D788E8D0a1dEec99985ff61B12,weapon,4
0xFdcf6a0F5e5eEa6F051391bF967D1d80a6cDE43c,weapon,4
0x25484f62E8981B21054D868c22721C5a096f18fE,weapon,4
0x8aE8901cDeD67E1cad061b9bec0f4b8e93Fcc9f3,weapon,4
0x40DE9cC85D8470978A2f98b2ce32e9D5542618cD,weapon,4
0x57571A431d54B9b37D31765f3204b47ccdcE90Cb,weapon,4
0xddD41632378bac54868CAf8583F7F63Ad60c5236,weapon,4
0x4412a18F30fe56E02b54b2Fa53B7Adc26eDc3FfB,weapon,4
0x866f568d4A1bbDF17D268E53B6599b28e2e52439,weapon,4
0x6b159dC142E05974A6D6bDD0A6bCE51a30Ea18Ad,weapon,4
0x73aEfe64198a2a823D5E8bBd36657017Be563ab8,weapon,4
0xd2D51FCde2A4fDe49EC104482F5c38760f4023B9,weapon,4
0x2366193a40e19a973d91A271d327c7f087B1B931,weapon,4
0xf14b0a03bbe312f44471D8338cDd7a603382FC20,weapon,4
0x8c34DD2bA23Eb8d47A15466f476cCD38ef8D09bA,weapon,4
0x746A9A57C5b3ba4d8F0FF3BeA9f59734b8fA4FDd,weapon,4
0xF4aCffD649f1Dc63261d033c128486a87A48019D,weapon,4
0x8038A2aCf67DbE3515b8786FdfEFA3845F97F876,weapon,4
0xC84A972674b2F9fEEf6fE0F2C5caa3bCebdedB5E,weapon,4
0x3bF27408eF6A43316Cae82A3DC6cBc920e8e16e0,weapon,4
0xBF8B47B23b704A7340dd995C305A9d84096907fb,weapon,4
0x1E562305B416eEDa50b0E13f43a6eE9c28b433E8,weapon,4
0xAB44C9C9Bba879Ae94F773290C2b90dEDb05a24c,weapon,4
0xbb0745B0ED996923365D737A2BEbeBc99a36f6fB,weapon,4
0x07009036fB784Af4b464ab029D1486b34a656E96,weapon,4
0xef2B81F181ae5EB3F38bEa2233Ea79a5d33b57E8,weapon,4
0x63a9410EbD45A6594f8fF64061F2949e583e44Ed,weapon,4
0xDc69a2b9d3A2E7caA2d1fB9dB6CfDbE59B6a4418,weapon,4
0x4E26168Ef89299307Da6D8EF07320fADc4D74Cf5,weapon,4
0x39acE85B8a9099E279bBe0855FC6Eef90dAF2336,weapon,4
0x1a3FFc0cfeCC122b248F0DC160d65EF12438C974,weapon,4
0x681aeE05A0Df0DdBd26E5f814Dd72F6Cb5fbFDfC,weapon,4
0x8ADBC2384A87615880cADC7EE6DB93762078D357,weapon,4
0x303e25f4c4801C48ED0135Ae0de100838177a8Fe,weapon,4
0x22bA8337A44732cDA7A631A97EbbCf034F528144,weapon,4
0x73eD0BfC7187E5D68C064D5e12729F1496c32989,weapon,4
0x7D6b61C7855d6141C5DD4878648417DaE9E3afE3,weapon,4
0x5FA81Dafc6b92bAe930818E88148Ec8a9182B9BD,weapon,4
0x369a289361fDe106d280E2ae53E32F78Dc20A1ed,weapon,4
0x738Be0355f1FadD57fFD7b59c37613E6C9b72657,weapon,3
0x3fDB622eE2082CaF910ef93fEa3318eC80Ac3D57,weapon,3
0xbea913f4A4641621757CdD916dd1710789553Fab,weapon,3
0x431C2F8F41149F1ECFbe700b1c9823e4DD5e2BF3,weapon,3
0x02511EA3430d4f7FC09D7F77C8B288b4a58Cf155,weapon,3
0x1Ee4f96a95bb850c7A8401E4903B84Add01dE46D,weapon,3
0x850cdDe988790947Fb16E35653C89bD2924B9D7a,weapon,3
0x8C877307Bd9F5c81645b3d1537f8BDacfa66D4F0,weapon,3
0xe375b74E792560447413eb88e22Ed854195632bd,weapon,3
0x6055c6cD3413fef88335F74E0677c4B3387171FA,weapon,3
0xe91F78D72Ef6a7B0D68ebc7D8e9a50858153DFAd,weapon,3
0x5d2E53f30cBF3C7b1e1F6eCFEA92f1730B5779B3,weapon,3
0xf0cBc80e4DBA2200F865D7dd7D76e20799b7aBD1,weapon,3
0xb9F704BA8435fC09E40f66A473935C47b92e80D0,weapon,3
0x30278B2fC61D4004119b4fA68f34Ba1798Bf32CD,weapon,3
0x0Ea4634ef636fDf87813BDdec0424521a5b5dd67,weapon,3
0xB7fDCa90b72a3045Aa3eE02B9E29F4dfaf2DbD95,weapon,3
0xF47DbdF6Eb358D2f583baF6F4FAEbB24522b28bD,weapon,3
0xb3EaAd40f24af8a76B01Cd8146E622114d7c8709,weapon,3
0xB76B101A53881096C7f8057ab1970e8aB87BCBb2,weapon,3
0x89bBe15D5DC9AE460eD49b52877F10784895a532,weapon,3
0xCFEC3B454354c0A53a411D790DFA3f1247f0e5C8,weapon,3
0x02FBdbD4Fc0b4d7651D9CD49c9dc74325a3E71f9,weapon,3
0x171FD1a5210E3190ac5f242194e4F2d35991ca28,weapon,3
0x7A55e9E161E2f366D08545afBa8e29609CDC1773,weapon,3
0xaabFeF944A85152E50B649B7679e6306d0B0fea8,weapon,3
0x770ac6522D9f0015FcbEa78EBC0e24949A17C639,weapon,3
0x05253beF6D0Bb362F53F37fD65245e2EF79C4137,weapon,3
0x2Ec815C867309b5AE18B2Bbf647B07B68CA63137,weapon,3
0x30d4cFe29f33415ae665CD1b6F0CB5365D511857,weapon,3
0xDC860c4bC1182f3397582cDea0b574cf9eae4DBA,weapon,3
0xae90D460606E960aB81612eaa8C7D090fF427c07,weapon,3
0x946c5747f56694506adAdEc2364531a91210B9a2,weapon,3
0xC051F4caCf9fd40263c7CD905B9B18Cfe6A11CE0,weapon,3
0x2E8C94Af40083Fd003EaE50342eddD537992913F,weapon,3
0x1d55342eDDbb7104D522c50EC29f8301A05ADf51,weapon,3
0x476C5373e0b67A3e75cd8d4c11d8A243C7AD234a,weapon,3
0x60d06440F589686f9Cdd5AA30dB1778166eF46c7,weapon,3
0x02f44C675c29F0Fc584136BE50f4Cd388e1C938f,weapon,3
0x1B1238d897b778bADDBaaFFE4647E060180fFAA6,weapon,3
0x85f3eEC99A1A91374495BCC9b81D3da5607Ef094,weapon,3
0x44b7C1dB0b415348a03040F8d4064725b3F95788,weapon,3
0xee27EAb33613E25E3596AA72dAF5dcc3C6F8E11c,weapon,3
0x7AD7Dfc1322114951e0d9fBdF5f2E3814e4F5334,weapon,3
0xa22C33908cE2a9eC8a265f7C41F917B72DB2f2bb,weapon,3
0x469c2a8292CD3b25f53Ea28E0ed80F35090f4BDf,weapon,3
0xC3d95C0Fc5940037cDD14ac7Bc43134c9e462811,weapon,3
0xeCC4C95Df5C46b45472dB4075bd469361967E8e7,weapon,3
0x137Ef56b9D1DaE7D1d58794f68C55a26088AFbb2,weapon,3
0x0D76DA7b79647E8062993F13D2E157f43D8f9e61,weapon,3
0xc960649c5daf59898D439f6165B249C025322bbf,weapon,3
0x4A2Cc8118f694c07CD8B4F820c3976C3ba323ce7,weapon,3
0xbb2f27681e971cC70C7C06f8E6E36D26084a804d,weapon,3
0xF68a085E5FD0945a734699df5f235E16Bb28e967,weapon,3
0x03D0201FE4317D93b95965B3776F230188eb27e8,weapon,3
0xc81A75713868D5F73437754710662139af2F864F,weapon,3
0x3226e4f5E0Ce6E0901ea50c2550407fe8e979eEC,weapon,3
0xF44515d3A70B5232F6f0Bb6B7D3b7Fcc1d3Ba39b,weapon,3
0xe65f4d49c55B9DC1C309C1125afB9CE085ae7B17,weapon,3
0x8f1ef48c8b20bbFB0380E0bDB91fB7C9E753992d,weapon,3
0xbb3FDcBc04f270C3eA6CB235a4D7BF4Ca50E89fF,weapon,3
0x17938a10D3032834F6eBeffFC761800A436b52E3,weapon,3
0x0BeeBb8dC2463d6886815EBAece7B101C24B9932,weapon,3
0x4677c52d39fe3d436576908928525261b7F1B98D,weapon,3
0x876c436a44F6Edfd0f33a603fd3A161E2b832b11,weapon,3
0x552577df498e57AE8Ba375e17C1aA6D3Abb06211,weapon,3
0x568a4acf637Af2B22Deb0772cbCa8279483f02AA,weapon,3
0x6b4125DE118407D9159264096C085D777226bfC0,weapon,3
0x99927359bD29Eea7bB3E417316E20ca0aB3C0015,weapon,3
0x47FB5c759f04eB55660D84519e68Cf36C4876eCB,weapon,3
0xA0004cF597EBac6d8D165c2D52230d061D473ae4,weapon,3
0x639dc1010450B873268AF0F411768250D00826Bd,weapon,3
0xF21fC65Bbcc49241a40071a2979210eDA7a557bc,weapon,3
0xad0791e84c24348e31c05B659B310bC718Fb6a32,weapon,3
0x327e109414c4a3cae129F41C4D47f3Ee497e4770,weapon,3
0xd34496A0A083E393aAc8ee7480d61bd2c4eC3A71,weapon,3
0x105227f3E31A758813aE72C34e3e41E51902FC68,weapon,3
0x9689E3d84FC46f4A373ac07558344345e083b7c2,weapon,3
0xa8257b57903ceD0AC74495b712B1AbC090d0bD9C,weapon,3
0x96F8fA82E567ba0541056032f1553FE8B0E05d89,weapon,3
0x2A7F65D3aAF89222df9B75623EFbbA20330A2D59,weapon,3
0xB2D1c6397569aE0a17eBc42e8160FDe13Df59467,weapon,3
0xE4b2890da0D891e3c7e5603B4F320198703c9516,weapon,3
0xe1f86089e0Be90bE722aC43a17634119aB167d00,weapon,3
0x883254ce40Aa1db31F2F739013B75C2BaBfE0cC1,weapon,3
0x5bAdb6b81044B03Cc70aB910aCD1c36dAcE90F6C,weapon,3
0xad3fEaae07e68Dc48DED12FA3Eb97b9771074021,weapon,3
0xBe95223763502A3f98fa7C0d7836e3e599e36b9c,weapon,3
0x11E3429476a4E40e7892f3392471Dc03404Ca62D,weapon,3
0x6Fb5D699ba250ff8cA9ec4C9f6649c7884f38c2c,weapon,3
0x8B11748dC427590EA6ab497A41c8ded9Be30312c,weapon,3
0xBd48825564954521872edd17e37d11983266c3Ef,weapon,3
0xe821af1C3046250391d7331c87674e45dF702A4E,weapon,3
0x941b56E826eA03FC1653EC38B5806Ed08ea317BD,weapon,3
0x0f11ca34E6E199D0D762BF9C1c5744CB3bA3cb9d,weapon,3
0xDaa8409c0b598A9c00b0bC3390DF0eF1b38a6980,weapon,3
0x66900bCd528F4B5a250ee537531B4B74Cba4e09c,weapon,3
0x372B2F589E25c635aA9F2b942f147dC568501cc3,weapon,3
0x530776a5DE3D741A477d22f14748A320c816C157,weapon,3
0x7Ed96Cd60524782575E29A4804AebE325bBd4680,weapon,3
0xdd3506EaeB8De85f0C38caaE36cBEB0EFcCdA2b9,weapon,3
0xD40241c7144676138b92c308388214FaFb5f90b7,weapon,3
0x3af92f744e7FC509D11576b38bD40335b58e0d97,weapon,3
0x50c4226CB566D81F79e524730385e7E90b19d651,weapon,3
0x6026BeB3b6831EB026a54B09cF039847F498CAC5,weapon,3
0x0a276C74d6015De49e051bF2ed2b2ce8119886Cd,weapon,3
0x5b897ec5071ccb612CC9672fBd61b5c516352E9B,weapon,3
0xbE76094E6a7E70Df21AF5160A6d7e92A16bEeD98,weapon,3
0x372050aA55200DE730bBB679F019B7fB8d9840A9,weapon,3
0x82b94758fBa17700436D54e330d3541450B21f83,weapon,3
0x1f8CBA3a97ae06C94D4A4ec17e863d7EaAA660D0,weapon,3
0x49634976EF0369179271e7e19B9C0dcf9cEcf1E4,weapon,3
0x8E14EEe9470595916B478a1F06e03Ec7093cc324,weapon,3
0xc7f03B246B774243707b69993A8aBB5C7B68F34B,weapon,3
0xA0006F3D2dEba27e464bd66ba9E9333052A73F3B,weapon,3
0x4580f9DA15439c48De463c1f2130Dd90fF3181F7,weapon,3
0xf172639D8355C599C1293AdE9deC8F20184ec5E2,weapon,3
0x579a5C0b9bc400B4eA459Ee907a3Ed29C49c9ceb,weapon,3
0x4C8E865688d3149caeD2F6Fd41cccC8c2913ebc8,weapon,3
0x3e55D9d6D86ED6751fb10c2173c5d3D8dA8CAd35,weapon,3
0x3AAa09Ce2558ab8E82d3444b6A886d1a78b26eA9,weapon,3
0xAF847E024f150272F106Fc701aB4B611F4eFd854,weapon,3
0xF4E87A39F48C09F9064da23CadcabCaFc75Fb262,weapon,3
0xEf7d6aB21c5eCEB2a59d393f80f56Ba523E79683,weapon,3
0x4FAC010fac1Dae24314106aDD74935abd7E7c12D,weapon,3
0x9f6a61E68F62Dd491168467f54CfaBb68750BB9f,weapon,3
0x7bdE846124d7435f7da8De0cB7223dEA0a723E63,weapon,3
0x824F2b79887968B11C8Df9ec1f4371bBdD65CcBc,weapon,3
0x20e9Bc5a5D111CFCA3868BAe1bd49583Dcb57a9c,weapon,3
0xD4bBe33aF7559177750704A89CD01B96cc8d4FAF,weapon,3
0x9c1cA5253C8f86D6C0110b1977651a0BE52d0523,weapon,3
0x7D33A5918A2e6041738deBf73b9de1fBbc8926fb,weapon,3
0x637b70d43605C7521FEee14f7971dC4603D3F012,weapon,3
0x1936751cD063150dB67a6361d1E89A57911FB239,weapon,3
0x4b0E8303dd04c99b79Ce506deE17f711F0e9502B,weapon,3
0x864f366bFDD3F8636EcC4d7cc361DeA07bA2563D,weapon,3
0x11A9de26264d7f3AbB1BB7Ff34b5E374C03a1b53,weapon,3
0xAc63308e91fE0009ABbca424925CAad2FE226bcA,weapon,3
0x2bDDB616687efA9132b5c73c616b18d4F40b056c,weapon,3
0x738F37aCf42B2d79198EB58aca6AF9c407A464A2,weapon,3
0x8D02D6074eA5520868912Ad37BC543f9371c9A9a,weapon,3
0x19ee5538baBa4eaD268007b3cAf5caab366Cc339,weapon,3
0xb1302965b83d8c7b1967e083555c0435cbb691f9,weapon,3
0x7bA2e110A247FC5dAEF8bFa150c7917540C0BD3c,weapon,3
0xd393D2c0a67c6858D7ECCAb0553B3ECE63b60C72,weapon,3
0xF4FdD4778151EB78D9fdAB28f016995e2a436ecF,weapon,3
0xe1918941e4869042E5B76A20f83F144e21827825,weapon,3
0x0d66A8AFc2719137cBc388F986d588827972467B,weapon,3
0xe4599a7f1758273b45ABe436093827f7FcCCf548,weapon,3
0x16fC1433d5e5cBE6bcfe8eF3fbcCafD8BbB2e553,weapon,3
0x10f4f9dDDEc2971BAB7802Df1Dbeba38e0D74aB0,weapon,3
0x6A9bAB374b211724EDe1d7371685418f7A3a3A30,weapon,3
0x2D3A0Dda849D0CeEE4C47DEC07DEFeF48feC11a0,weapon,3
0x8581eF24295671Cff81aBB755a09d1C37eFaEbdb,weapon,3
0x35EEe5C417bC6DBcED517D5FcA54b7099468811D,weapon,3
0x21ab67a42c807D5B99BC24234eEDD2dd98B8005f,weapon,3
0x298CADB49Bc86d26FB6dDF13EA063850cb146a41,weapon,3
0x9A1cA9F181f580C2463Ade82658759E22c5618F6,weapon,3
0x669f59d396d8961d277Ac1d84f7B20AC0D7f90ca,weapon,3
0xB42F3dC5728f5FC6f035e6AdE14fc7bd2dA5F709,weapon,3
0x40F65c61443Bd047451A7Da662947D5fBC3b91fe,weapon,3
0x1f15F69Ec07cfa020C9426Eb1B9dACDce703bB93,weapon,3
0x22646E62a2609b04335a0Fa8eE6ce474Af7F25ff,weapon,3
0x72c4f7E21F36BC593D659b008Bf510e69E50f014,weapon,3
0x0A1A64b306067D1684742B8ec57749683b8Ca5f1,weapon,3
0x69E4ef41922913C5269739825DEB249E6b33d0BD,weapon,3
0xb83a1cf048Ada781c3b28185e9b277591D3d1019,weapon,3
0x57EeD86D693e81Ede71F840589d7a4A4F6D041Ff,weapon,3
0x51a49181762682B6b10054ffaC7118Ba9CAE0A43,weapon,3
0x8F509db3Ae0a229179a9C120cEda323D082fDEbE,weapon,3
0x1Bbcdf63bcfCB5d3165D0d4E86bfa93bD37e131C,weapon,3
0x7182668004D218b9cbdE9416c7B1147Bd56B2Bf6,weapon,3
0x1A233721eDa6eE7F0CEfb973ae4b2a8f45fbB248,weapon,3
0x7368988B94635097f0B3d4e12A06632e1f6C53FD,weapon,3
0xb95170D56Ac9f4650049ED684BFA06A999584f51,weapon,3
0x5AA9bf48588aaA0713035d382b212f18E7869107,weapon,3
0xF8758fdAF700f19525ef3220f03566b5c4bd9a83,weapon,3
0x421cEb9852c1b4a3f1147dB6eb9557c09eE65b32,weapon,3
0x46c2e6EFCeb9B4D7F92e300B8E0580D1943CE29B,weapon,3
0x55132BD55661c6fE90374Adf4E728F03729B9927,weapon,3
0xd91CD17b9103d32835b979Dd2022E54bbEe0739d,weapon,3
0x0d77bCe2aE846E6580B6943821ead1571ca7BEaE,weapon,3
0xe3069b71E6C3813Cb3c99741B6a05fd960D0c528,weapon,3
0x19bB9d2dFDCdF755817E8CE8e233A390B5b974fF,weapon,3
0x6C328cEc9eCF6Ff8a924a174C0be5F7c5040C9Ac,weapon,3
0x8C7E45A09e663fB9aDB43Bb3E029045BFc9Ef005,weapon,3
0x4785C661C52e7cC3FF562A7787387a95ff63A481,weapon,3
0x29011CD1CdF288669356B41F14fA1200353D0665,weapon,3
0x71cDf903664AA737041e31E215bF51a8fA7805E1,weapon,3
0xDBFc2DD39E17f14Ba2E14AC5E01e02F540971c7C,weapon,3
0x28651E246FB127f9748152645E25c7A32546b1B8,weapon,3
0x26f340e61FBDffBc72Ac672C3905a85b66955583,weapon,3
0xEf777a4768993Be73a3B8CF2BBEA40D8dd266f58,weapon,3
0x7FA5FD407b89CC3363Ad9161ab1F32294CbE8f03,weapon,3
0xa1810894186025dF7526a9Eb3f3D82cF68E882d8,weapon,3
0x1882aB831fA985194dd1BbB91f26C7bA47151d36,weapon,3
0x393d81Ca62A3B2530f49010b5747EA292b2ab873,weapon,3
0x59B0E6f866fe34d2AE67CF24e48b886cACDD54a7,weapon,3
0x8a03B8C284f7C5cE5cb641143297a53d5F08eb30,weapon,3
0xcC266d6C300D8092BC125557dFa2E9B658f0D604,weapon,3
0xB82Fe68D52C8616DbdC556DC6b426df8BB07576b,weapon,3
0xfDfa35021588B6b43d70A74CF24CaF319CA9480a,weapon,3
0x724996f179f40B016b407eB8FD4AD0b2629e01B4,weapon,3
0x6BC28A7fa05AcC838d55163aD6bAdD773363269A,weapon,3
0x99E6F3dFcD41E09543a110cfD2Ef399eFf173b72,weapon,3
0x9537EE1dD321049193124D5a2C51cF776cf0163F,weapon,3
0x905C28f84AD97B37eC65dA1b6F38Dd480b56a8b8,weapon,3
0x752F100f96683A94200006886Ff5dDF44Cfeb9e0,weapon,3
0x08b42954A9a7cD1F341b80B491752a7BB83CCEe3,weapon,3
0xE78b916DC2B567A6ABaB0D4414e261601Fc2324D,weapon,3
0xC146b4440225d60ff05B8B4526E4cb596aD44605,weapon,3
0x50A880bd4a973398099135B3EbDb41ea74469b5e,weapon,3
0x160074689fB09209af134947bc620CD1E42AeC32,weapon,3
0xa3360f300A3B5ee530bcCEAA27e60888b37487F8,weapon,3
0x1dB18e8A56e682208B8a28241c1060f27c09a585,weapon,3
0x0b49Fba78890818E9F107Cf0f0db56B4Effbfc51,weapon,3
0xb42999acD8EEFf6228C81E00C6B6eC7A8E5Bc217,weapon,3
0x3D3552D28d3e67B92C36861d826C0cf3f0f5F406,weapon,3
0x2C33C20bA3488082EB259851f99B2623fB22353e,weapon,3
0x450718d82FAe51AEB60cb6C152c9A0AaE481D0b3,weapon,3
0x9087eB39d8ced8dB848E715cCBc2B113496625f5,weapon,3
0x67E0c1E9CCa1f01e41bF32063124BE2eb358AE4b,weapon,3
0xe883d47c481Cf4B47D97c4359C53a88B21Bd6e68,weapon,3
0xE6F804E27a3Ba0e9D71bE98Dd318DA0687962054,weapon,3
0x621e55aF90B5EaE406D497c70020f85E9C28b355,weapon,3
0x99307E5c6AF43e8ac2f5E79aebb25445c31396ba,weapon,3
0x0771606AA3f75C261672Ec09F34C375A3B386949,weapon,3
0x9428Dd70DEaD54c9e3a6172BEBD1a7F37818B676,weapon,3
0x0468B3FCB68cEdDc7D620Ea82DF418efea73f3Cc,weapon,3
0x7c648a44219937651e58945fc66083a8c3779422,weapon,3
0xc1Cbbf257d912f25a5455E0219cBd40381a591a0,weapon,3
0xd621f7Af4b98f68460231F620126962Ec5DA351E,weapon,3
0x69752582FC5b95C2f2ecf1fe39Ca2079dc26921D,weapon,3
0xDa93E618Dbf7a3B32876cC58E826ee8C64729Cfd,weapon,3
0x1430d6bd8c33fa22a55c49437562189DCf427f3a,weapon,3
0xb43F8D0C354Db56F5b7187FF5885EE5022f93562,weapon,3
0xE94f83B365848Ec68b53d2E993FE45a0342769f1,weapon,3
0xC6585444c41BeD17B8f973bB9a2ba91A390EA4A0,weapon,3
0x381b0dE72466270810dA4867d7C9dD5C38fae0da,weapon,3
0x1d061D0DdC9d86C7b09f1959012919Acd8c0C3ba,weapon,3
0x49478133B9AF9C28b3E588f75EEcDF971b3390Cd,weapon,3
0x6793a4d6335aCCf5AE0a76952992062e6F44E6b7,weapon,3
0x82481CB911F5ecd3c7F3a1a0e34B50b337F20Ed6,weapon,3
0x6D764D7a309F69e762d0a00f66B254Dd177A0c38,weapon,3
0xF16a9a53503f84BA4408507414a84d44e22FF34E,weapon,3
0xb843B5DBFBB81F643A6327832855cbDec50f2eEb,weapon,3
0x399177A907AEC6201449fFFE634e7eb87b3A25aB,weapon,3
0x9524F82a8c0b83e73BAF2BFb695f0081860f342A,weapon,3
0xaaCDEfeC5CF6a231EF0be74c17C9fa6C60b480a8,weapon,3
0x0404Cc2771D2B63b10c59Ed6f23A24115c99CF5E,weapon,3
0x64f9E87e536ee3797374cDfe081Fce3e8A3c3dAb,weapon,3
0x400976AB495d763d188f85029b032b72e7b0AD72,weapon,3
0x4F868cC726e7D74D91F69403b6A253EE304b357b,weapon,3
0x6302e20a70Be01CcD4Cb332eAB7Dac9EaF244354,weapon,3
0xc4BFE8b48D0229D266E1f73FaBCBF28BFc1F7d65,weapon,3
0x2D016d7dD2Fa6A10aE34EC7feCDfbeE3c44a1a90,weapon,3
0xA86c6C2e87C13fF7dc73E80B8516364C46A6363D,weapon,3
0x4CEde68396985AEb52a447a61E955B0Ab020D921,weapon,3
0xc89759E2A69fDb835a055A2d42A602A2910e290f,weapon,3
0xB0966f282dd6a42c904025f7C1B19A086dE6D6D7,weapon,3
0xf7630aA1597283D1eD67eDc85073216337fBc6f2,weapon,3
0x98eC5eB3D09586Bb48E370A54dA5fCA56F4a8940,weapon,3
0x47C0e1c32897f02146b4BBcDeaCc8426925632a9,weapon,3
0x4557e5288205BE17F22196cbf2d4e0Ae262BB117,weapon,3
0x044a40d862Cd95E8E0c90093fdD53d1F0bDd69ca,weapon,3
0xcd777ED99cFa1f0F721367abA4214B8660781eAE,weapon,3
0x4CaacdbA157d270dE9c072fd2a1F275398704015,weapon,3
0x96685944b5D2baFC43F5e52E3D2086d4413E2123,weapon,3
0xF85dF6f916C8CBc8F09F1F1BEE901c0Bb0131E1B,weapon,3
0x5c7C9600A01BF4a0c573e99e2f5EA1fF619e81b6,weapon,3
0x4747F29840C3664CF47410B746c7bE032922DEd6,weapon,3
0x7319693E34702f5D55f90E08FBFb8a531Ab0E6Bb,weapon,3
0x96685944b5D2baFC43F5e52E3D2086d4413E2123,weapon,3
0xa7898757a1120Be8f1ecE337F0F20330D816bdD6,weapon,3
0xD9802168FF3447131c3DDBBbA9667eB77d786B38,weapon,3
0x9C641c62FC18687Ba124FD6a162122FF1127C3d4,weapon,3
0x1904DcE7Def6E01491B486Fe9BAB21D2a0E287f4,weapon,3
0xC1341d340309692a82cD02567162FEEbd1B48883,weapon,3
0x1b0A8DF7034B612c8B0744b7a9A3a10f2b5f51A1,weapon,3
0x5805419d8aF632634587ea7354aa768Ad6f77051,weapon,3
0x2dB1276151354352C1D8543F358D6998a06886d0,weapon,3
0x218d45c3c03f5ffBDb863eab7b183FF4B19D5603,weapon,3
0xCB1a96FD6e8e91553933bD25D5371b05e28Bf5d6,weapon,3
0xCEb54f36de8821eaf9A9D6891cC1e4f5C8b2b4b0,weapon,3
0xFB2e948A92352B74074dbBc8c4980aD8B554Deca,weapon,3
0x1e0bE40df5D5Cb6AD46690CDa9d96cf6aD93b37F,weapon,3
0xAb833E38a35164C9eDAe07b9747ab6d32434BeF1,weapon,3
0x44df9eb9C1ae7d78b481eA9630aABbc6e26794f8,weapon,3
0x2C48d46fa6D0d07722174EDd3a44586311Ca36ad,weapon,3
0x429187372894765C5A647af41F46f0ecf580845A,weapon,3
0x082efe6D7dD17cd08d693F977F5b62238734695f,weapon,3
0x1062920D91A69894C0efD2a9eA79143cC3b4933b,weapon,3
0x5FAA76B27011Ba482D3B3734E4EDc1B0B35b5571,weapon,3
0x2aC01c0ECB13AB875e68bf1c0265F38Aee95F213,weapon,3
0x00b85f0E9A0F62aDC196b1C28A2703ea2E9F2DCE,weapon,3
0xa2867D1D63C175Cf0FDE18b4D6122D729529CE2F,weapon,3
0xdd635eb9FFE21f10fD69784beCb38A54C9FD73b0,weapon,3
0x46a816864Fe40062DFbf39fc486B1f71fC497f57,weapon,3
0xDcB3Ac4b02AFb374FEa45490801eA3EbCd7dB33F,weapon,3
0x93954921E4EA679e95e96Ec8c4F06A7A5C02B2A2,weapon,3
0x59DEa40Cf1558E7912200a734795358f152dc2c6,weapon,3
0x094e8586F7925Ac54082725B0b6b8D023CDff8cF,weapon,3
0x7988e87F9B4aDf9C2D6b6ED79A11B088681bAeaE,weapon,3
0x38977fdf695471aC79b9AfF8369319D6Cc0cdb80,weapon,3
0xA86633d3d1cdC23df0EE9a83CA8068f936Bf083F,weapon,3
0x9dA297f30f94Ee9e8665bd6Bb68e87256666b6D7,weapon,3
0x6dEba7Ea945F50FeEb58E04E9723D19172cAce81,weapon,3
0x1d9FBB25dc65B4bB9a3f29F33ec0580280a96E51,weapon,3
0x94B81a43F926a5BC51a5cBE123e31f6A37f2ED0f,weapon,3
0x9FC7EAA941C6495a876f38867f1B205B214D3534,weapon,3
0x6066905DC4FE6B44CeA04284d25d246464E0C5c5,weapon,3
0xe260393113681e90D7e65cC4ccb9338A183c1176,weapon,3
0x01FbCe2dEA8A14CF1f62aA6C6da3BCd6Df4143Ba,weapon,3
0x638fb6e6e81886e42810b9d7163002a0b672e47f,weapon,3
0x5dCa2B7D23A6347304943610eea4528c4fEd1F5D,weapon,3
0x3CEE89E316f77E4e9Dff9A13DD4dCC33f2fd738e,weapon,3
0x786569Db123fB51742f7C33Ce10775530bFdDCB4,weapon,3
0xF4f518c0d43f9c4133aCe4AA59A84b5048480260,weapon,3
0xD9Ed00ebbcE2BFfd5e6aC0A9675ef690794E0b8c,weapon,3
0xd849f43De2AC15861483849330FEbd46F7f0784b,weapon,3
0xe33A282e9a08af9231bAE837F30cF072d2C90209,weapon,3
0x12ed47cb75bb2bAD99e4df67A9e1dd243a045CC7,weapon,3
0x053227ddA209195d181F7FEfE04626f3ae4cB7A0,weapon,3
0x2aCc93f19B042CdB3C03d442Dc37FaEB25679B2d,weapon,3
0xd0eD581C0Bc8B291c7B29aA70E0478E0D7B34439,weapon,3
0xADD29F0321afEd8a8db4Cb5f7962c7C142317A1c,weapon,3
0x3a1801C0c34E759D8b67C5b6Ce0171d129f881F0,weapon,3
0xD752b313E23Cba7d98080Ca57fC2d5C84A525652,weapon,3
0xbdACd9c2083E53eb24b0725AA7643db0EB090EC9,weapon,3
0x57DF771Bc84E1D0eD68EBDA8a80399ECb8cb5756,weapon,3
0x8d119ae6c3deB2644a1aE53604DE3d3A69510ccd,weapon,3
0x18dFbbAA322e6256B1fACbd0DB94e36f183Cb4C1,weapon,3
0x821B647309a1d90579B9f4a86D954328C3Ca79e6,weapon,3
0xd3aE68419dEaB5eea992717902509AacC7642aA9,weapon,3
0xB8e5fECED5852A6B082a9A2Aa1B12e01812e6eC5,weapon,3
0xB4d78c2237a426d24F6cD969ab6986898D2Cd620,weapon,3
0xFAA40eB5916825B6a42a719cD6c34912290997bB,weapon,3
0xdb980672DbCa75091c1D3A233586BD901d1f5B5b,weapon,3
0x7204c0BA5B48Ddfc495f3B4140E45A563F28B191,weapon,3
0x01f088834bc585d17d9056564863A1a067347F61,weapon,3
0xF11Ec4753f674E63Cba650f04DD76C2ec71b5Cb3,weapon,3
0x69C09bE38DE568CFbB6e3de57526fcf82407Bd39,weapon,3
0x8674f0E5E982b46126fE667139761A8B67D3b2e6,weapon,3
0x9432E432fD225f2eF7251EB251D46D72b399A026,weapon,3
0xE4680839Ee669785a2e000c79106b265102Ae241,weapon,3
0x76CA27f1aaeD2dC688E18F923FDEF587161E36Db,weapon,3
0x07Feea11496a77AC63F70f8992416188935F933c,weapon,3
0xeb6021B876f9bD014FB58Cf692F4b52A9021565D,weapon,3
0x58EDee156EcFcC8e6f39d2CCc965433A6e60fBC5,weapon,3
0xB57B271E04E7869D100e22578692B0E65f4833D0,weapon,3
0x1e785D3813621e8e1c1342eF4d38c93ba7e636F6,weapon,3
0x988c034191ca92f5E1fb1aC66D517bE5829Eb77e,weapon,3
0xe458E44F16b83EAeefe315a469B07A35818F189D,weapon,3
0x7775bC0fEBb32aC3F3ed229F36DD425Bc9f4928D,weapon,3
0xA8dc555b827D1CC2C4b47F49d525eebb3fC9DE74,weapon,3
0x3a6AD6834C3483304B52a3D6F94393606D02289b,weapon,3
0x6e137903bD098CeA1f150A9a13E2DcDbCC0a02bB,weapon,3
0x827d835522063Ab2DFcbc9DaB3863728F8b87e23,weapon,3
0xcA6D33DB9D879e9D937B15D9681DB357fB575F1A,weapon,3
0xF51bb2735c1966B6fe68c8BE451f0483fed07991,weapon,3
0x2B28A5141815ffdb8d9759dAAa215FCF41635D5c,weapon,3
0x5522B3Ae837ed86F894521F4DF52bC7741736d59,weapon,3
0x621cA26D6E8a423d763e20f431946f92883b2f60,weapon,3
0xe59C1565C484896Af71b0E772156e7dCCB5497e4,weapon,3
0x72FAd968C0fd1B193c714F3607396502ABA222A6,weapon,3
0x2927D95Fd099bEa40f2A076b488a77F75EcF5A2b,weapon,3
0xfCb0fd38766CEa3aa2B1edbdBA8e276b092Eac22,weapon,3
0x5f3B2685937943BD99a41DB3473fbee8bBa124eA,weapon,3
0x5d34ca107c18D479E6658Dec87C3D670FC4d7AC1,weapon,3
0x451D92bcf2aE17f799223aFa5eA51b539eE35af0,weapon,3
0x2d70ec71de4ff7406e7f8EFE31F33b6e52f8d30E,weapon,3
0x42DbBc393f62c5dd56371304C3b437CB0b3ebf87,weapon,3
0x82719ea3C7f0c9c25b9786DCE812743A7bC0070E,weapon,3
0xe25fC1f8C0F006C04B05Ffe0c0ecdecB19a8Fb1C,weapon,3
0xaB027B07b93D2D0FF277408DFb8A01CEc1744bf9,weapon,3
0x23C0682b4D66154aF19C42f60bAe69aA8c38C7BC,weapon,3
0xd494Dd521123CA1CABb347b03424a3b05979EC2f,weapon,3
0x65402a39B7cDcc77Fc4bfE13519686D8e1Ae7A0A,weapon,3
0x2A4e67Ef3E089C664fB0e811d1E4De1b07c21E6d,weapon,3
0x65BD1731AFA35765959C29CfE6b2eA930346Bc84,weapon,3
0xCdbE5c12B3d29DbF3FCB37419a065dcc13e17aFD,weapon,3
0xe03965d1528C4D9E7317B824c360B22652E98E28,weapon,3
0xd85Cb36534552435e8ec00a528B3A977C0819fFC,weapon,3
0xb4826488e9175382B0F6Bd18cbE339b9C3A6C401,weapon,3
0xABb66648ABA46e17279B58b443FacA6b447e19ED,weapon,3
0x14Bc311CaE39147Bf9698f6FcDf3Ff1AFc036A93,weapon,3
0x8b89025B6aa94dfbEd678C4Dd9ABc62d3bbC903A,weapon,3
0xDd69311624A1F36E0e7bcD52d615F4ac116bb2Cc,weapon,3
0x516d1AA800Eb0d95A53C15Af70cc67DF0d99b763,weapon,3
0x0fc171B1c4BCEF8d8163E28868443305E3989098,weapon,3
0x25ca9a23f2a73bE8bc83F6C34eD99622e2adB45e,weapon,3
0x4894Bfa8339fD38ed8F7afAC3120D7A15f360d69,weapon,3
0x1254DfA7fDbd9d17726DBB509516d915B5ebE18D,weapon,3
0x9D056DF94b5aEEfc799557Cc7C780d828ea67E39,weapon,3
0x58DAA6EB85f4728BF177433F63eb615DDBA589dB,weapon,3
0xCa9C16Eaad5d144882C9F5fAf5Ec8B6F3eE0b78D,weapon,3
0x35bc324B64ea919D5B6BD23434a96817B2cacD90,weapon,3
0x557C432B2E1Ce91a71eCbb23bA4301cB4eB7841a,weapon,3
0x4E97b9335e3FC9BfB9B36b921FCEdF0B6E9C9703,weapon,3
0x796E00ed0131dC77246b9214ac541EE95F37ea89,weapon,3
0x3151402017A878cBF7Ef128F29994eb0CD50C7F3,weapon,3
0x2471E729bC030EDefd65392AFF3629c10aca3cc3,weapon,3
0xcF0117055fDcCA60AC76a96e7BbF20a0a79CA508,weapon,3
0x05305B1bAC2695b528cFC960f7973dFf83422CBc,weapon,3
0x6852222f48634A026478c6a1Bb114B199E63847C,weapon,3
0x0A3f6f4C6669143976062D531E4E8366B509093d,weapon,3
0x84FBe60527a5a11FFb14eAc7dAA7a0c1D4bDC5B9,weapon,3
0x306e46b260CF8acB7E6040D950C9362eAB68cDAb,weapon,3
0x0c9Da2c6506ace9D151cfD92518AF512a487775b,weapon,3
0xb2e038c0C33C4Fa073ac073bbaEee30968C22bE7,weapon,3
0x9be9B65BC34ED5Bd6c592950456876C9D1690FF0,weapon,3
0x367b8988958b2917E36C8b4F703C4F7a4D2d6748,weapon,3
0xB0E4367D994BcB5b2bcbD81AcF01cf00b9277ae4,weapon,3
0x9ae6B930DBA0B79c502fdEB42C847c84702305e2,weapon,3
0xf9d8FDc53e4aC7f3e86a842B41F48338CAaB3611,weapon,3
0xfB33606d8F628cd72897b6f78A01B271498D5C9D,weapon,3
0x993C49Ae37b9E631a64f07678Ce028E3626F6CcF,weapon,3
0x9080Df9427b44d9bfcb1A7f650E892eB6E5EF8cF,weapon,3
0x3bE7eA58F45e940e69E8E6f0095eAAd9db9aD113,weapon,3
0xD96a676Aec275ba2509FcFcEA07F33865E8D70c3,weapon,3
0x1860c58AE56b1533387D24AFd7BBBAB1d373C4d1,weapon,3
0xD7D59755b6645932E7354c60097bfa476d03EF31,weapon,3
0x10B08D7a1c66E93247833a7C3B4e34987f3f5Ad6,weapon,3
0x3b48A98eC2c30d4628A131B31785d282683a24AA,weapon,3
0xC8ad68d1f88Bdc31Ad491E0Bf46190788F3D42F7,weapon,3
0x3E376C0703f5Cc2a973974fE269babDaf2380793,weapon,3
0x6C84c5b37512231461d5667d6F7a826AA35c673b,weapon,3
0xA3058aec2f1906E5716Bd848A1367800CEE1f44d,weapon,3
0x561296650f7358Fe074A1472F04C5C2ba225C208,weapon,3
0x4d2132c5C7602009Bb35796415838b92fA0cDA9e,weapon,3
0xA36423Fb69044F3469BA77a96464397011436fB9,weapon,3
0xA169b0C6D8a6a613c4919B7C612d3895eF4988e9,weapon,3
0x1fd01f044Ba20e329B5193dB385Fa0ffaB9f9DA7,weapon,3
0xB7Ab359a5e88e470e93C3c64EF2320561eA7ef6a,weapon,3
0xDC4942b935DeB0cf19bF9783F86c8983038A72a4,weapon,3
0xE826707E4926cE072f86f64e46c43D06a555F4cd,weapon,3
0xDB5cF1b27Af7ab1e688DE96C5188888054474Cf2,weapon,3
0x1571036B8046aA9B8F75a408943711B3762EfEF5,weapon,3
0xB3bB84dc47bb1C84b8bf7dAA34aDb9AE263Ac912,weapon,3
0x0797c1abe9252731007E81b4c31686C04b0B8BDE,weapon,3
0xdFE03C2736e4F890e89d72e91749f64A6650829a,weapon,3
0x78254e9F7B7Ef42D04EAB4d91515f93b569e289B,weapon,3
0xa8e59Bd3cAab29d41fa663b4A47Dd1538d85A879,weapon,3
0x1e7755810eaB8C8038cDA4435EeA9ca321e7124E,weapon,3
0x48ad04eC407DFda8bD3aAAa664e24DB08F56cDA6,weapon,3
0xB22f002F41d2b88834FB2d7B11e5937B6F284445,weapon,3
0x37DBb14fdbA0d594A9387A347B2224bfF91De381,weapon,3
0x294BcA3C6AF78B8E1288032f8411E949E2cB5BF7,weapon,3
0x6be6f539f6fAD84f5e2315aEf63F86C2b947f144,weapon,3
0x816A976D4CCdAE97524c63C57b98DA4D210bf60b,weapon,3
0xD3db3974424dfA21755BcfC72595a205B0bF7df5,weapon,3
0xa6A509A8187aCF3277eA8921B9c03f0d27086CBD,weapon,3
0xD7BA64cC1410Cdf703f6620B9787aa5fD009557B,weapon,3
0x1c9B00CC4Fb05cb705830e06E1B523027c7DFf8c,weapon,3
0x392B4483DADb59f5d75Db1e8Bdc7dCF4eA4cd800,weapon,3
0x4fa992092BE5374aA5557Ce7ba2e086b42486c34,weapon,3
0xe85e6746D3ceBC5fF2515B22218f819a5419DFA7,weapon,3
0x56f4C66E0C87EBfcd064CF09166d09ed653161F9,weapon,3
0x0843C30bA2dccF8AdBCFe4fD506dced0D08e413F,weapon,3
0xa3Db2b7DF342658DC26cC52Af3520F3979696634,weapon,3
0x4771Eca5cF500Eaff28255516d718F8e911d66A3,weapon,3
0xaA90FC0985D177550810570767D1f863a5Fc9d45,weapon,3
0xA671E62e0827f6A99e416203447Be5D34027F474,weapon,3
0xa83158608821247cd48a960963F0120Fc197eb50,weapon,3
0x5dE6293E21622148a816C92671C90730481F304e,weapon,3
0x7c2744b53C345b3A5Eaa732A8d8179E73A9b3B2D,weapon,3
0x6F035bdB15f2e0CAB56bDB4E3b1baBaCfE281b24,weapon,3
0xe1BFb1989C09E0E6BCbd4bF9C93AbFbeAe492484,weapon,3
0xeF436a0746A4fa1f89512A54360611cC61A31418,weapon,3
0xD4128925eeB834aD0b7C6b3112328fCad7eDbfcC,weapon,3
0xd8738a8A31718093923d19f3a531D95b44DFaD68,weapon,3
0xd070144c9D5Bf7e6Da66C39A77f1AbE7Ae552B51,weapon,3
0x164ba064F637be4c433B677f57e5126D544Ccb4e,weapon,3
0x426a410EfC3CB3a09CC2DdD89f08097a706Ab116,weapon,3
0x1a0A0aFf021D11dB40aeB1d10c79d08caD4EB43E,weapon,3
0xCE7B6dcE0c694C4A64aE47a1A4a515f236EE479c,weapon,3
0x39Fe626f7f689b690970AA91D191296a075b78d4,weapon,3
0x73FC34f462098EDB1C3EDb406C7811B3b58c03ef,weapon,3
0xDAE8f452f0f1789C1fC11C4c0Ee13631B72BD526,weapon,3
0xFd96EA8bE7f5ab45aeE35d130c052fdbC7494E2D,weapon,3
0x1618C5bcb064a1153edFE306C695A4080Bb3a791,weapon,3
0x7f70AADA3f7E553c3698B81A0E2b41C852d8452C,weapon,3
0xf0E2B96503e6ECa768afB08E342785363Dd9577E,weapon,3
0x69B3C9C322B93BF0a5EF45B173CEcEAaf03F2d09,weapon,3
0xA6b1237C25d5e683FA026e2deb10BDE3b6f7E825,weapon,3
0x9dCf42352183dC534461c14B8bf226BFf3a28f09,weapon,3
0x8dC5768640D29E4c5EFA23672264Ee10ba7797Cf,weapon,3
0xA2430dae707e5d9E7bbcDe13371dC110f862F816,weapon,3
0x071A40D33155eB2fD7E9A76348c3Db614A752F53,weapon,3
0xb9E64eC092cbC9672413cBeB487E83C2d9b8D086,weapon,3
0x071A40D33155eB2fD7E9A76348c3Db614A752F53,weapon,3
0x69DBbD9B48818ea8D027Da39734DB38D1898E426,weapon,3
0x60F6659fCA9b13A90051C692e7147A5933116987,weapon,3
0xD0b3681F7acDe45da8164b05B913834cAe14ec74,weapon,3
0x7965944d7889481492336BB02C2000aaB86558F4,weapon,3
0x4864320d148e6468E72a8AdeC16B84e806EE30A3,weapon,3
0x2fB02be19C0c55f4abAb5864c551642Fbc02F3DA,weapon,3
0x333c29995ceF3eD4991A76a95e092E2C99116530,weapon,3
0xC04bA9dD154ff340D06fc4fac36eBeDa240bC625,weapon,3
0xe736EF4bd4d1d5969e0E804F642fD676Dc40b212,weapon,3
0x6a3A251a3Fe1bC3aAdd29591B15AA17945f01ed5,weapon,3
0x2132039F0dFedfA5f75cEBA274d3C0a251184145,weapon,3
0xb7544780697CA4Ca91099C71dd43E15407242f42,weapon,3
0x287d7a37729E01857581513e8CCd5b4f91931012,weapon,3
0xe3e037B59304000DB174E176CF76D597092Dc066,weapon,3
0xbbe63c7e625D0DF3042d4b42853f8CD70fb77F6b,weapon,3
0xA06780aE3A608f4Ad49d43894d4C285669596f03,weapon,3
0xF9B645a65d27d2fB8002590EDDBCf9fB715CBbf3,weapon,3
0x917D7E452A03a4fe667a5FeedeDF8E6f40E58123,weapon,3
0xddFe7261b47436Fa84AA7A6cc008A7EA513eea5C,weapon,3
0xDb452e480073284Cef3456864347e8f873C64F76,weapon,3
0x42966BC82Eb04993FED132a7DE2635Ed3e8B9633,weapon,3
0x8e14c456f43562B1e0989C5807173Ab2f1bA08c8,weapon,3
0x1EBB02f97A4Ee9D261d6fEc891FeDAfe0BDb1635,weapon,3
0x5Fa989d6fce6F456Ce74C0feC7FE11714eeC108b,weapon,3
0x11DC8B2Ec5BcFb4607BF02c9B64867D636daC4B2,weapon,3
0x084341C0C826c7e8408D6BFa9957761980112548,weapon,3
0x57174231b2E7B66873dcd7671765afCa4CC1C42D,weapon,3
0x1B3E60d647fa7f6Bf91a7d8444F2565f7354773F,weapon,3
0x37e7f198871B58568bfD601A4328Ab7b4815e1ED,weapon,3
0x2CD724E2f29115Cd3b68239ec5a60Da4ea61afbC,weapon,3
0xB89dE1f530bc13D31af424054F39F45d3e06D98C,weapon,3
0x1eBB5A4CEf1E4Ab30F43fAaeEAAa9EdD0358C98e,weapon,3
0x449d04EDC47f0B69477F6876815230264f76e1D6,weapon,3
0xbc3F683D1cdBF23dEE3fcb3f3e44BA5A9d7bF4a8,weapon,3
0x9ed141804F8790cD4FBEEb3b1720716b23700B1A,weapon,3
0x2c4c86BBBfdf805e63e8Cf69827edE844d479d49,weapon,3
0xa5cB896563B3b6bAF3f6D5CBF7B84f49E4465d02,weapon,3
0x34133732b08DCA91C01c73f64BECb76F548080bb,weapon,3
0xF4A63ECb710621417965b198103342b7F9bF34F3,weapon,3
0xFF3faf570eF6A01ec3f0056b4b7729Bce2Ca833B,weapon,3
0x816a68A34edB408fb9d3C33f6339243a44f70235,weapon,3
0x195C64B6ADCB5F4f095848D3E82b15D6D6296eFf,weapon,3
0x68c9e1c9bE0e22E51A2c95c054070f0F160D9B6B,weapon,3
0x5536A7044a9F2B51d121eA05cefa2e40E83D5267,weapon,3
0x9737C4a79e48f32043F563A899D5731463718084,weapon,3
0xAFC4aaF2e3ef95E8F4A0CbAd18488DfE2E2D6156,weapon,3
0x4f359C26ABaF7D20B1C9473cab8BC6538036301C,weapon,3
0x85DAB103c03A79b5B29583dEB82e6eD14B5Ae56a,weapon,3
0xee09A75F190e39677cfB47B78B6350ec0d66AA12,weapon,3
0xee6fAC64eF3fFDC901a55f9186F96A765Bda5B4d,weapon,3
0x98e45278f04e94AFD0c159a97443f337B2ef3B55,weapon,3
0xA4471e8fFFDCc9a2F2d3DAB0171638C40f31453c,weapon,3
0x912758e337812Fd21A1C4F6f44e185F3Af2f7964,weapon,3
0x95e883E5CC44a479D37330d77f298E6041A1bA1F,weapon,3
0x595f34183B3b96F7fe33620C2a9B4B5C9fd9EcA0,weapon,3
0xaE953A00857eBE9121C377D90a35e07b73FeC86C,weapon,3
0x21F615afd673b29D0beCc5e42c651719aF8A877b,weapon,3
0xA8829FECD80060A1D56790E2335B6EBC0Ea3125c,weapon,3
0xA7955817cC04cea3d55DBE32685D9939D33Ffe76,weapon,3
0x0bf096dF898Ac20Fe2F95E70Da28356b1D480E0E,weapon,3
0xb5E4395B3c2e26664ce8188F150c76D8471F9B59,weapon,3
0x8958c87cb2fd0d2abd14a83cbf072f2ccfc73ee2,weapon,3
0x06a3AeF378c7278723F185d2B8eFD851b5FC200B,weapon,3
0xAF5e8073dD5d02fCa2116D52575A90FaBdda2AcF,weapon,3
0xfb2D35ec21b6F4Ad0767fd60dE92A1D440CFd1B7,weapon,3
0xb15b770aa6999b6FfAc572d0EC7d5ed73D8259a1,weapon,3
0x0CaF99F443eB5462427561067dbf3FEe53e5fD1f,weapon,3
0xf8d9235506403518a76235e8b19B839C1c06313B,weapon,3
0xed1f7bCFe032e0ad92652e15E7fcb179787e22aA,weapon,3
0x8654232ddA16745aFc84486febf9ffD7aCB27efC,weapon,3
0x6c92d82ccF2C3BAae890E535e82F10300136a75F,weapon,3
0x96a7B4e17eaae65637eBdb78c4BE3ee4913a48E1,weapon,3
0x26f9687a5FaF1D0a1437ae7c3839C067c3496699,weapon,3
0xba8475fddeA14e0892301F3d7d0564Fb99e5eFDe,weapon,3
0xD4Fb88daFB30c7028DAc111f4D25372c31c27da8,weapon,3
0xd9E2c085d7eA7dF075Dac6d66320Ee0D4F6C059D,weapon,3
0x3033a254Ee27565c74dCba8A07D817Ba0EE6c593,weapon,3
0xA5B726858b772f307b6110AFd692e7cB495c41ce,weapon,3
0x9892684C31E73Bb52C1FB4683DBFb9C9D3971394,weapon,3
0x4a51010ab3CBc2f99B0d5619cD7604bedc01B2Bb,weapon,3
0xb32a9a188718500822862cf57A6E72c6B43BCb08,weapon,3
0x7E1f1A1fc9575024c7089d58853317E4Fbb1386C,weapon,3
0x7F08bC93CF723622Ca0a1A1B7446f626C34F4CC9,weapon,3
0x259D9DB49B18491872537e85165BA64188D4Ee27,weapon,3
0xc5a255eC43e65eB67E12027FABB8cCE75eA015FD,weapon,3
0x508Ca1E5F176F23872802011f2163a3B876C01a5,weapon,3
0x6b05490Ad65D459113f3C834Cd176099BC229096,weapon,3
0xa1399911c0F2a8034208Be14D0420882c404bD7a,weapon,3
0x47EBef8a2df63445373785b37775CcB80293daCa,weapon,3
0xF5794Ca8B24ECB4b89Ed6a7A73Dd43ab7528e748,weapon,3
0x259C6AfAB32543E6FaEF4e520a0464d66ceF9757,weapon,3
0x1C735D7BA2c7744D17ba7cC3E9418E1164AbC123,weapon,3
0xBD1965fd0F9dD895C25dDbFdB8C9079c936a028B,weapon,3
0xc6C9a491ECe1ed39DB93458c669724b6338b519B,weapon,3
0xb7077959867F53CEE2e3cE58A7C58C201033878A,weapon,3
0x17CC6E3E6C4B3f4bbc7c721fb6bA13e4AbC3B687,weapon,3
0x4752B405d524F0409081C83c3e94EB5cd62647d2,weapon,3
0xBF2Bf6A3b340E810eD2B8512b403D9411BfbB510,weapon,3
0x820BeFD04DE515419892E6C537338Aba6a0b5755,weapon,3
0xC601f85BAe7CB1846cd9710fa635298CaF45db7B,weapon,3
0x570747e3E7730ac5d4f6F177eb95b4853f82a762,weapon,3
0x88746D19D42D025B84F126d6125e2E70D630429e,weapon,3
0x12C20F0b34001e43049C2a76b169832a42381c82,weapon,3
0xE5F3269C746cFb51b52BD1db1445FEaA0b433D5d,weapon,3